Id;Label;v_fastgreedy;theme
n0;practice;1;Learn Sci thr. IBSE
n1;inquiry;1;Learn Sci thr. IBSE
n5;age;1;Learn Sci thr. IBSE
n6;opportunity;1;Learn Sci thr. IBSE
n7;reconsider;1;Learn Sci thr. IBSE
n8;basic;1;Learn Sci thr. IBSE
n11;learn;1;Learn Sci thr. IBSE
n18;dewey;1;Learn Sci thr. IBSE
n37;dewey1956pp4748;1;Learn Sci thr. IBSE
n46;definition;1;Learn Sci thr. IBSE
n63;convert;1;Learn Sci thr. IBSE
n64;element;1;Learn Sci thr. IBSE
n69;source;1;Learn Sci thr. IBSE
n70;fundamental;1;Learn Sci thr. IBSE
n72;spiral;1;Learn Sci thr. IBSE
n73;path;1;Learn Sci thr. IBSE
n78;solution;1;Learn Sci thr. IBSE
n86;follow;1;Learn Sci thr. IBSE
n90;next;1;Learn Sci thr. IBSE
n105;cycle;1;Learn Sci thr. IBSE
n106;present;1;Learn Sci thr. IBSE
n107;aspect;1;Learn Sci thr. IBSE
n117;us;1;Learn Sci thr. IBSE
n125;inform;1;Learn Sci thr. IBSE
n126;guide;1;Learn Sci thr. IBSE
n144;dimension;1;Learn Sci thr. IBSE
n150;nature;1;Learn Sci thr. IBSE
n155;complexity;1;Learn Sci thr. IBSE
n156;highlights;1;Learn Sci thr. IBSE
n167;part;1;Learn Sci thr. IBSE
n233;understand;1;Learn Sci thr. IBSE
n245;interaction;1;Learn Sci thr. IBSE
n250;practical;1;Learn Sci thr. IBSE
n251;inherent;1;Learn Sci thr. IBSE
n262;line;1;Learn Sci thr. IBSE
n291;implicit;1;Learn Sci thr. IBSE
n297;enterprise;1;Learn Sci thr. IBSE
n304;multiple;1;Learn Sci thr. IBSE
n308;tell;1;Learn Sci thr. IBSE
n329;decision;1;Learn Sci thr. IBSE
n335;pupils;1;Learn Sci thr. IBSE
n339;conditions;1;Learn Sci thr. IBSE
n340;left;1;Learn Sci thr. IBSE
n341;unsupported;1;Learn Sci thr. IBSE
n344;impuls;1;Learn Sci thr. IBSE
n345;toward;1;Learn Sci thr. IBSE
n346;project;1;Learn Sci thr. IBSE
n355;within;1;Learn Sci thr. IBSE
n363;sharply;1;Learn Sci thr. IBSE
n364;define;1;Learn Sci thr. IBSE
n365;instead;1;Learn Sci thr. IBSE
n380;removed;1;Learn Sci thr. IBSE
n391;live_habitat;1;Learn Sci thr. IBSE
n393;detail;1;Learn Sci thr. IBSE
n395;soundness;1;Learn Sci thr. IBSE
n396;viability;1;Learn Sci thr. IBSE
n397;enriched;1;Learn Sci thr. IBSE
n414;science;1;Learn Sci thr. IBSE
n415;formal;1;Learn Sci thr. IBSE
n428;attain;1;Learn Sci thr. IBSE
n429;specific;1;Learn Sci thr. IBSE
n437;scientist;1;Learn Sci thr. IBSE
n438;done;1;Learn Sci thr. IBSE
n452;anderson2002;1;Learn Sci thr. IBSE
n453;framework;1;Learn Sci thr. IBSE
n459;two;1;Learn Sci thr. IBSE
n473;realize;1;Learn Sci thr. IBSE
n479;degree;1;Learn Sci thr. IBSE
n486;minimally;1;Learn Sci thr. IBSE
n487;versus;1;Learn Sci thr. IBSE
n504;far;1;Learn Sci thr. IBSE
n522;carey2000;1;Learn Sci thr. IBSE
n532;summarize;1;Learn Sci thr. IBSE
n553;program;1;Learn Sci thr. IBSE
n554;advocates;1;Learn Sci thr. IBSE
n557;acquire;1;Learn Sci thr. IBSE
n561;french;1;Learn Sci thr. IBSE
n562;shares;1;Learn Sci thr. IBSE
n563;broad;1;Learn Sci thr. IBSE
n579;biological;1;Learn Sci thr. IBSE
n585;3e;1;Learn Sci thr. IBSE
n622;generation;1;Learn Sci thr. IBSE
n640;integrity;1;Learn Sci thr. IBSE
n659;competence;1;Learn Sci thr. IBSE
n698;grounded;1;Learn Sci thr. IBSE
n713;characteristic;1;Learn Sci thr. IBSE
n728;contemporary;1;Learn Sci thr. IBSE
n737;bransfordetal2000;1;Learn Sci thr. IBSE
n742;associate;1;Learn Sci thr. IBSE
n749;drive;1;Learn Sci thr. IBSE
n753;equipment;1;Learn Sci thr. IBSE
n756;component;1;Learn Sci thr. IBSE
n775;represent;1;Learn Sci thr. IBSE
n776;emerge;1;Learn Sci thr. IBSE
n780;key;1;Learn Sci thr. IBSE
n787;display;1;Learn Sci thr. IBSE
n814;symbol;1;Learn Sci thr. IBSE
n821;interrogate;1;Learn Sci thr. IBSE
n840;choice;1;Learn Sci thr. IBSE
n853;perspective;1;Learn Sci thr. IBSE
n855;caamano2012;1;Learn Sci thr. IBSE
n856;criadogarc√≠acarmona2011;1;Learn Sci thr. IBSE
n857;harlen2014;1;Learn Sci thr. IBSE
n861;agree;1;Learn Sci thr. IBSE
n862;ledermanetal2014;1;Learn Sci thr. IBSE
n865;iii;1;Learn Sci thr. IBSE
n868;v;1;Learn Sci thr. IBSE
n871;vii;1;Learn Sci thr. IBSE
n873;image;1;Learn Sci thr. IBSE
n874;etc;1;Learn Sci thr. IBSE
n878;tentative;1;Learn Sci thr. IBSE
n894;organization;1;Learn Sci thr. IBSE
n899;engage‚Äìexplore‚Äìreflect;1;Learn Sci thr. IBSE
n900;eer;1;Learn Sci thr. IBSE
n901;talk;1;Learn Sci thr. IBSE
n902;tips;1;Learn Sci thr. IBSE
n905;illustrate;1;Learn Sci thr. IBSE
n910;integrates;1;Learn Sci thr. IBSE
n917;contextualizes;1;Learn Sci thr. IBSE
n924;inconjunction;1;Learn Sci thr. IBSE
n925;mathematical;1;Learn Sci thr. IBSE
n933;just;1;Learn Sci thr. IBSE
n947;paper;1;Learn Sci thr. IBSE
n952;participant;1;Learn Sci thr. IBSE
n955;hackling2007;1;Learn Sci thr. IBSE
n958;heart;1;Learn Sci thr. IBSE
n961;crawford2007;1;Learn Sci thr. IBSE
n963;hackling2005;1;Learn Sci thr. IBSE
n979;better;1;Learn Sci thr. IBSE
n1009;sip;1;Learn Sci thr. IBSE
n1015;subjecting;1;Learn Sci thr. IBSE
n1016;systematic;1;Learn Sci thr. IBSE
n1020;hackings;1;Learn Sci thr. IBSE
n1025;improve;1;Learn Sci thr. IBSE
n1034;council1996;1;Learn Sci thr. IBSE
n1056;bridge;1;Learn Sci thr. IBSE
n1057;current;1;Learn Sci thr. IBSE
n1069;conjunction;1;Learn Sci thr. IBSE
n1070;multiday;1;Learn Sci thr. IBSE
n1071;lens;1;Learn Sci thr. IBSE
n1080;p389;1;Learn Sci thr. IBSE
n1085;rate;1;Learn Sci thr. IBSE
n1097;appleton2008;1;Learn Sci thr. IBSE
n1113;responsibility;1;Learn Sci thr. IBSE
n1127;namygentner2002;1;Learn Sci thr. IBSE
n1147;put;1;Learn Sci thr. IBSE
n1159;organise;1;Learn Sci thr. IBSE
n1166;groupconcerning;1;Learn Sci thr. IBSE
n1181;breunig2008;1;Learn Sci thr. IBSE
n1182;roberts2011;1;Learn Sci thr. IBSE
n1197;gordon2009;1;Learn Sci thr. IBSE
n1198;savery2006;1;Learn Sci thr. IBSE
n1199;forward;1;Learn Sci thr. IBSE
n1203;fielding2012;1;Learn Sci thr. IBSE
n1206;breunig2013;1;Learn Sci thr. IBSE
n1214;awareness;1;Learn Sci thr. IBSE
n1216;member;1;Learn Sci thr. IBSE
n1217;food;1;Learn Sci thr. IBSE
n1236;conceptualise;1;Learn Sci thr. IBSE
n1254;observers;1;Learn Sci thr. IBSE
n1271;eyfs;1;Learn Sci thr. IBSE
n1272;viewis;1;Learn Sci thr. IBSE
n1273;enquiring;1;Learn Sci thr. IBSE
n1274;minds;1;Learn Sci thr. IBSE
n1299;resonates;1;Learn Sci thr. IBSE
n1300;vygotskian;1;Learn Sci thr. IBSE
n1301;sociocultural;1;Learn Sci thr. IBSE
n1313;intervening;1;Learn Sci thr. IBSE
n1314;initiate;1;Learn Sci thr. IBSE
n1322;covers;1;Learn Sci thr. IBSE
n1326;premise;1;Learn Sci thr. IBSE
n1329;primarily;1;Learn Sci thr. IBSE
n1330;datausing;1;Learn Sci thr. IBSE
n1336;immersion;1;Learn Sci thr. IBSE
n1361;away;1;Learn Sci thr. IBSE
n1362;phenomenology;1;Learn Sci thr. IBSE
n1389;situate;1;Learn Sci thr. IBSE
n1434;cpd;1;Learn Sci thr. IBSE
n1442;panel;1;Learn Sci thr. IBSE
n1443;experts;1;Learn Sci thr. IBSE
n1446;norm;1;Learn Sci thr. IBSE
n1447;scholars;1;Learn Sci thr. IBSE
n1448;regulation;1;Learn Sci thr. IBSE
n1449;posit;1;Learn Sci thr. IBSE
n1459;philosophy;1;Learn Sci thr. IBSE
n1469;post;1;Learn Sci thr. IBSE
n1477;participated;1;Learn Sci thr. IBSE
n1486;human;1;Learn Sci thr. IBSE
n1488;desire;1;Learn Sci thr. IBSE
n1513;almost;1;Learn Sci thr. IBSE
n1536;depict;1;Learn Sci thr. IBSE
n1537;engestrommiettinen1999p9;1;Learn Sci thr. IBSE
n1538;pertain;1;Learn Sci thr. IBSE
n1540;volume;1;Learn Sci thr. IBSE
n1542;goal‚Äìorient;1;Learn Sci thr. IBSE
n1568;capture;1;Learn Sci thr. IBSE
n1574;song;1;Learn Sci thr. IBSE
n1611;struggle;1;Learn Sci thr. IBSE
n1635;pedrosadejesusetal2012;1;Learn Sci thr. IBSE
n1658;tack;1;Learn Sci thr. IBSE
n1660;entailed;1;Learn Sci thr. IBSE
n1663;remaining;1;Learn Sci thr. IBSE
n1681;acceleration;1;Learn Sci thr. IBSE
n1711;participative;1;Learn Sci thr. IBSE
n1714;short;1;Learn Sci thr. IBSE
n1718;abundant;1;Learn Sci thr. IBSE
n1719;higherlevel;1;Learn Sci thr. IBSE
n1729;error;1;Learn Sci thr. IBSE
n1730;attempts;1;Learn Sci thr. IBSE
n1738;36;1;Learn Sci thr. IBSE
n13;start;2;Development
n14;point;2;Development
n128;important;2;Development
n160;develop;2;Development
n196;oldsschwartzwillie1980p40;2;Development
n234;great;2;Development
n235;deal;2;Development
n242;require;2;Development
n243;diverse;2;Development
n310;say;2;Development
n319;concept;2;Development
n400;entry;2;Development
n445;crosscutting;2;Development
n474;curriculum;2;Development
n495;particular;2;Development
n511;rather;2;Development
n512;dramatic;2;Development
n513;gestalttype;2;Development
n524;preinstructional;2;Development
n552;lamainalapates;2;Development
n565;contribute;2;Development
n568;lamainalapates2000;2;Development
n569;saltiel2006;2;Development
n570;sarmantetal2011;2;Development
n571;promote;2;Development
n597;family;2;Development
n598;easy;2;Development
n599;assimilated;2;Development
n628;period;2;Development
n633;lose;2;Development
n665;declares;2;Development
n714;habitat;2;Development
n792;physics;2;Development
n815;marked;2;Development
n816;embodied;2;Development
n824;skits;2;Development
n859;hodson2014;2;Development
n860;exa;2;Development
n1006;lind2000;2;Development
n1008;without;2;Development
n1051;depth;2;Development
n1067;3;2;Development
n1111;target;2;Development
n1131;bybee2006;2;Development
n1132;molleretal2012;2;Development
n1133;wisersmith2008;2;Development
n1186;local;2;Development
n1213;arguably;2;Development
n1278;bruner;2;Development
n1279;conceptualised;2;Development
n1280;memorise;2;Development
n1281;bruner1966p72;2;Development
n1315;deliberate;2;Development
n1328;assist;2;Development
n1394;commitment;2;Development
n1398;core;2;Development
n1478;eshach2011p442;2;Development
n1494;wonder;2;Development
n1495;journal;2;Development
n1506;endeavor;2;Development
n1556;informal;2;Development
n1572;abstract;2;Development
n1576;intensely;2;Development
n1582;devolve;2;Development
n1583;lecture;2;Development
n1622;patience;2;Development
n1627;rapid;2;Development
n1628;succession;2;Development
n1629;exhorting;2;Development
n1630;power;2;Development
n1636;occasion;2;Development
n1637;brezillon20032005;2;Development
n1653;graessermcmahen1993;2;Development
n1668;television;2;Development
n1669;advert;2;Development
n1670;pets;2;Development
n1671;habits;2;Development
n1672;sporting;2;Development
n1673;obsessions;2;Development
n1674;hobbies;2;Development
n1682;dissonance;2;Development
n1683;mccormacketal2014;2;Development
n1684;chinkayalvizhi2005;2;Development
n1685;thorntonbruton2015;2;Development
n1741;fourstage;2;Development
n34;active;3;young child explores
n35;grow;3;young child explores
n36;child;3;young child explores
n59;determine;3;young child explores
n60;constitute;3;young child explores
n65;original;3;young child explores
n89;leadership;3;young child explores
n94;explore;3;young child explores
n108;need;3;young child explores
n109;support;3;young child explores
n110;success;3;young child explores
n111;environment;3;young child explores
n147;give;3;young child explores
n161;arise;3;young child explores
n175;example;3;young child explores
n176;come;3;young child explores
n181;found;3;young child explores
n184;engage;3;young child explores
n218;play;3;young child explores
n267;owned;3;young child explores
n270;means;3;young child explores
n302;compare;3;young child explores
n309;recognise;3;young child explores
n320;indeterminacies;3;young child explores
n356;group;3;young child explores
n357;encourage;3;young child explores
n374;unlike;3;young child explores
n386;show;3;young child explores
n398;enable;3;young child explores
n402;facilitate;3;young child explores
n416;introduce;3;young child explores
n427;young;3;young child explores
n451;frame;3;young child explores
n480;free;3;young child explores
n514;shift;3;young child explores
n515;paradigms;3;young child explores
n516;caravitahallden1994;3;young child explores
n523;view;3;young child explores
n555;incites;3;young child explores
n575;vital;3;young child explores
n582;atkinskarplus1962;3;young child explores
n591;approach;3;young child explores
n605;incorporate;3;young child explores
n606;notion;3;young child explores
n609;essential;3;young child explores
n623;standard;3;young child explores
n624;ngss2013;3;young child explores
n660;compatible;3;young child explores
n666;educators;3;young child explores
n667;nurture;3;young child explores
n668;focus;3;young child explores
n669;ngssleadstates2013;3;young child explores
n677;20;3;young child explores
n678;4year;3;young child explores
n679;old;3;young child explores
n706;spiders;3;young child explores
n710;topic;3;young child explores
n723;perceive;3;young child explores
n724;culture‚Äìhistorical;3;young child explores
n725;viewpoint;3;young child explores
n738;small;3;young child explores
n743;nsta;3;young child explores
n744;stressed;3;young child explores
n765;promising;3;young child explores
n766;help;3;young child explores
n822;roseberyetal2005;3;young child explores
n828;colella2000;3;young child explores
n839;aim;3;young child explores
n847;progression;3;young child explores
n898;openfocused;3;young child explores
n911;unstructured;3;young child explores
n914;responsive;3;young child explores
n959;crawford2009;3;young child explores
n978;assisting;3;young child explores
n986;portfolios;3;young child explores
n992;demonstrate;3;young child explores
n1032;nses;3;young child explores
n1033;american;3;young child explores
n1035;bredekampcopple1997;3;young child explores
n1048;advance;3;young child explores
n1049;whose;3;young child explores
n1061;inquisitiveness;3;young child explores
n1073;p21;3;young child explores
n1074;assert;3;young child explores
n1106;restructuring;3;young child explores
n1109;intended;3;young child explores
n1115;ensure;3;young child explores
n1128;stimulate;3;young child explores
n1152;mayerwittrock2006;3;young child explores
n1157;fruitful;3;young child explores
n1158;leave;3;young child explores
n1160;schiefelepekrun1996;3;young child explores
n1165;motivation;3;young child explores
n1200;ontarioministryofeducation2013;3;young child explores
n1239;farmery2002;3;young child explores
n1240;howedavies2005;3;young child explores
n1241;risks;3;young child explores
n1243;schulz2012;3;young child explores
n1246;johnston2005;3;young child explores
n1250;expect;3;young child explores
n1252;deboo2006;3;young child explores
n1253;harlen2000;3;young child explores
n1264;container;3;young child explores
n1276;kallery2004;3;young child explores
n1277;caveat;3;young child explores
n1288;black;3;young child explores
n1289;hughes2003;3;young child explores
n1290;lemke2001;3;young child explores
n1291;concur;3;young child explores
n1292;stress;3;young child explores
n1297;required;3;young child explores
n1298;mediate;3;young child explores
n1348;unexplained;3;young child explores
n1349;irregularity;3;young child explores
n1350;anomaly;3;young child explores
n1376;provisional;3;young child explores
n1377;status;3;young child explores
n1396;aligned;3;young child explores
n1397;adopting;3;young child explores
n1403;7;3;young child explores
n1416;day;3;young child explores
n1429;constantinou1999;3;young child explores
n1430;english2003;3;young child explores
n1431;leshlehrer2003;3;young child explores
n1432;loucazacharia2012;3;young child explores
n1471;limitations;3;young child explores
n1472;empowering;3;young child explores
n1480;invention;3;young child explores
n1481;intervention;3;young child explores
n1482;scores;3;young child explores
n1492;foster;3;young child explores
n1493;keep;3;young child explores
n1505;nowadays;3;young child explores
n1508;obvious;3;young child explores
n1509;endeavors;3;young child explores
n1510;1981;3;young child explores
n1511;commission;3;young child explores
n1514;released;3;young child explores
n1541;feeds;3;young child explores
n1584;flourish;3;young child explores
n1593;afterwards;3;young child explores
n1608;contradictory;3;young child explores
n1609;feelings;3;young child explores
n1610;honour;3;young child explores
n1676;wattspedrosadejesus2010;3;young child explores
n1687;reggioemilio;3;young child explores
n1705;positively;3;young child explores
n1720;enthusiastic;3;young child explores
n1721;thinker;3;young child explores
n1733;requiring;3;young child explores
n10;teacher;4;Experiential education
n49;situation;4;Experiential education
n58;indetermine;4;Experiential education
n87;brucebishop2002;4;Experiential education
n88;phase;4;Experiential education
n124;context;4;Experiential education
n127;education;4;Experiential education
n159;reminds;4;Experiential education
n162;meaning;4;Experiential education
n177;early;4;Experiential education
n178;study;4;Experiential education
n197;caution;4;Experiential education
n221;peck;4;Experiential education
n222;round;4;Experiential education
n223;feet;4;Experiential education
n263;query;4;Experiential education
n272;imply;4;Experiential education
n273;creation;4;Experiential education
n275;role;4;Experiential education
n279;synthesize;4;Experiential education
n286;significant;4;Experiential education
n300;relevance;4;Experiential education
n325;research;4;Experiential education
n360;primary;4;Experiential education
n371;general;4;Experiential education
n388;center;4;Experiential education
n389;orient;4;Experiential education
n419;qualitative;4;Experiential education
n420;quantitative;4;Experiential education
n482;belletal2005;4;Experiential education
n483;accompanied;4;Experiential education
n484;debate;4;Experiential education
n492;however;4;Experiential education
n506;treagustduit2008;4;Experiential education
n616;recommend;4;Experiential education
n625;preferable;4;Experiential education
n626;timeframe;4;Experiential education
n627;longterm;4;Experiential education
n634;bybee;4;Experiential education
n635;omitting;4;Experiential education
n644;childhood;4;Experiential education
n645;repetition;4;Experiential education
n649;deem;4;Experiential education
n650;necessary;4;Experiential education
n651;grade;4;Experiential education
n652;yoononchwari2006;4;Experiential education
n674;course;4;Experiential education
n675;midwest;4;Experiential education
n680;taught;4;Experiential education
n681;preservice;4;Experiential education
n682;enrolled;4;Experiential education
n685;requirement;4;Experiential education
n721;purpose;4;Experiential education
n729;intuitive;4;Experiential education
n736;reformbased;4;Experiential education
n741;national;4;Experiential education
n747;council;4;Experiential education
n748;nrc20072012;4;Experiential education
n830;desired;4;Experiential education
n831;resultand;4;Experiential education
n832;affect;4;Experiential education
n844;garritz2012;4;Experiential education
n845;newmanetal2004;4;Experiential education
n846;characterized;4;Experiential education
n866;pose;4;Experiential education
n877;even;4;Experiential education
n948;case;4;Experiential education
n954;prepare;4;Experiential education
n964;hedges2000;4;Experiential education
n980;outcome;4;Experiential education
n1065;seven;4;Experiential education
n1087;prospective;4;Experiential education
n1099;low;4;Experiential education
n1100;selfregulation;4;Experiential education
n1101;capacities;4;Experiential education
n1102;persistent;4;Experiential education
n1103;misconceptions;4;Experiential education
n1107;duittreagust2003;4;Experiential education
n1108;holliday2006;4;Experiential education
n1148;problemsolving;4;Experiential education
n1153;linneylon2006;4;Experiential education
n1176;kuhn2009;4;Experiential education
n1179;experiential;4;Experiential education
n1183;founders;4;Experiential education
n1259;rogoff2003;4;Experiential education
n1282;questionableharlen2000and;4;Experiential education
n1309;howeverthey;4;Experiential education
n1319;nuanced;4;Experiential education
n1320;behalf;4;Experiential education
n1332;less;4;Experiential education
n1363;variable;4;Experiential education
n1386;adequacy;4;Experiential education
n1504;aware;4;Experiential education
n1512;quality;4;Experiential education
n1518;courses;4;Experiential education
n1525;bulut2007;4;Experiential education
n1563;air;4;Experiential education
n1564;magnetism;4;Experiential education
n1587;due;4;Experiential education
n1595;indepth;4;Experiential education
n1605;receptive;4;Experiential education
n1615;maximize;4;Experiential education
n1617;compassionate;4;Experiential education
n1639;caudron2000p55;4;Experiential education
n1640;positive;4;Experiential education
n1689;stands;4;Experiential education
n1690;paved;4;Experiential education
n1691;playground;4;Experiential education
n1692;heavy;4;Experiential education
n1693;spate;4;Experiential education
n1717;offers;4;Experiential education
n1723;rationale;4;Experiential education
n1724;nrc1996nrc2012;4;Experiential education
n23;make;5;Ask Questions
n43;stage;5;Ask Questions
n74;envisioned;5;Ask Questions
n75;ask;5;Ask Questions
n76;question;5;Ask Questions
n92;teachable;5;Ask Questions
n93;moment;5;Ask Questions
n140;simple;5;Ask Questions
n142;fashion;5;Ask Questions
n143;five;5;Ask Questions
n165;challenge;5;Ask Questions
n192;answer;5;Ask Questions
n193;someone;5;Ask Questions
n194;elses;5;Ask Questions
n200;articulate;5;Ask Questions
n204;fire;5;Ask Questions
n241;suggests;5;Ask Questions
n256;craft;5;Ask Questions
n257;experiment;5;Ask Questions
n260;recast;5;Ask Questions
n287;thought;5;Ask Questions
n314;work;5;Ask Questions
n316;thereby;5;Ask Questions
n317;able;5;Ask Questions
n327;inventory;5;Ask Questions
n328;observation;5;Ask Questions
n379;analyse;5;Ask Questions
n421;data;5;Ask Questions
n425;interpret;5;Ask Questions
n426;based;5;Ask Questions
n435;throughout;5;Ask Questions
n436;documents;5;Ask Questions
n470;consist;5;Ask Questions
n471;generate;5;Ask Questions
n472;comprise;5;Ask Questions
n573;carry;5;Ask Questions
n574;raise;5;Ask Questions
n615;respond;5;Ask Questions
n629;unit;5;Ask Questions
n630;spanning;5;Ask Questions
n631;2‚Äì3;5;Ask Questions
n632;week;5;Ask Questions
n658;investigative;5;Ask Questions
n718;namely;5;Ask Questions
n730;gopnik2012;5;Ask Questions
n758;faced;5;Ask Questions
n764;collect;5;Ask Questions
n783;1;5;Ask Questions
n786;record;5;Ask Questions
n793;engine;5;Ask Questions
n794;sensing;5;Ask Questions
n811;simulation;5;Ask Questions
n835;rules;5;Ask Questions
n836;underlie;5;Ask Questions
n884;event;5;Ask Questions
n888;measurement;5;Ask Questions
n889;procedure;5;Ask Questions
n903;depicted;5;Ask Questions
n904;figure;5;Ask Questions
n969;select;5;Ask Questions
n989;color;5;Ask Questions
n990;mixing;5;Ask Questions
n1017;bottomup;5;Ask Questions
n1024;peters2006;5;Ask Questions
n1037;techniques;5;Ask Questions
n1066;four;5;Ask Questions
n1079;judge;5;Ask Questions
n1081;nrc1996;5;Ask Questions
n1082;bodzinbeerer2003;5;Ask Questions
n1086;six;5;Ask Questions
n1091;unknown;5;Ask Questions
n1173;fading;5;Ask Questions
n1174;aids;5;Ask Questions
n1227;alive;5;Ask Questions
n1230;word;5;Ask Questions
n1237;mediation;5;Ask Questions
n1251;keen;5;Ask Questions
n1258;everyday;5;Ask Questions
n1266;sound;5;Ask Questions
n1267;quietest;5;Ask Questions
n1268;loudest;5;Ask Questions
n1283;blakehowitt2012;5;Ask Questions
n1284;harlen1999;5;Ask Questions
n1285;johnston2009;5;Ask Questions
n1286;howe;5;Ask Questions
n1287;davies2005;5;Ask Questions
n1304;claim;5;Ask Questions
n1310;vary;5;Ask Questions
n1337;strategically;5;Ask Questions
n1378;directly;5;Ask Questions
n1391;recent;5;Ask Questions
n1412;count;5;Ask Questions
n1415;disconfirm;5;Ask Questions
n1484;wondering;5;Ask Questions
n1590;rain;5;Ask Questions
n1591;weather;5;Ask Questions
n1596;twoweek;5;Ask Questions
n1597;span;5;Ask Questions
n1598;performed;5;Ask Questions
n1602;experiencepeters2006;5;Ask Questions
n1603;rop2002;5;Ask Questions
n1606;outpouring;5;Ask Questions
n1649;mode;5;Ask Questions
n1650;resolution;5;Ask Questions
n1651;investigable;5;Ask Questions
n1664;spring;5;Ask Questions
n1665;odd;5;Ask Questions
n1666;passing;5;Ask Questions
n1695;unafraid;5;Ask Questions
n1710;yackeletal1990;5;Ask Questions
n4;digital;6;Problem solving
n25;art;6;Problem solving
n39;similar;6;Problem solving
n81;discover;6;Problem solving
n97;solve;6;Problem solving
n98;problem;6;Problem solving
n99;reformulating;6;Problem solving
n101;close;6;Problem solving
n102;tied;6;Problem solving
n103;dialogue;6;Problem solving
n104;others;6;Problem solving
n122;across;6;Problem solving
n148;embed;6;Problem solving
n168;include;6;Problem solving
n188;deep;6;Problem solving
n191;different;6;Problem solving
n199;well;6;Problem solving
n202;best;6;Problem solving
n246;moral;6;Problem solving
n247;physical;6;Problem solving
n248;emotional;6;Problem solving
n249;aesthetic;6;Problem solving
n296;listen;6;Problem solving
n305;media;6;Problem solving
n315;sch¬®on1987;6;Problem solving
n333;structure;6;Problem solving
n353;times;6;Problem solving
n447;engineering;6;Problem solving
n448;worldview;6;Problem solving
n449;nrc2012p42;6;Problem solving
n457;furtaketal2012;6;Problem solving
n468;domain;6;Problem solving
n475;instance;6;Problem solving
n476;ibse;6;Problem solving
n477;commonly;6;Problem solving
n499;complex;6;Problem solving
n500;limit;6;Problem solving
n501;hardyetal2006;6;Problem solving
n517;spontaneous;6;Problem solving
n589;establish;6;Problem solving
n695;climbing;6;Problem solving
n696;logs;6;Problem solving
n697;wood;6;Problem solving
n699;dam;6;Problem solving
n700;ditch;6;Problem solving
n701;piece;6;Problem solving
n702;chasing;6;Problem solving
n703;frog;6;Problem solving
n704;space;6;Problem solving
n754;nsta2004a;6;Problem solving
n755;crucial;6;Problem solving
n761;visible;6;Problem solving
n763;visual;6;Problem solving
n867;iv;6;Problem solving
n913;b;6;Problem solving
n944;linking;6;Problem solving
n945;extant;6;Problem solving
n960;excitement;6;Problem solving
n962;appears;6;Problem solving
n976;discipline;6;Problem solving
n993;literate;6;Problem solving
n1096;trundlesackes2012;6;Problem solving
n1112;threestep;6;Problem solving
n1143;detect;6;Problem solving
n1144;appear;6;Problem solving
n1149;hmelosilver2006authentic;6;Problem solving
n1154;contextual;6;Problem solving
n1163;hiemstra2000;6;Problem solving
n1168;coneziofrench2002;6;Problem solving
n1169;executive;6;Problem solving
n1193;trips;6;Problem solving
n1194;internships;6;Problem solving
n1265;touch;6;Problem solving
n1342;delight;6;Problem solving
n1346;assess;6;Problem solving
n1352;conjecture;6;Problem solving
n1381;imagination;6;Problem solving
n1424;gottduggan1995;6;Problem solving
n1425;etkinavanheuvelen2007;6;Problem solving
n1487;beings;6;Problem solving
n1519;citizens;6;Problem solving
n1526;bahar2006;6;Problem solving
n1532;dialoaic;6;Problem solving
n1557;unfolding;6;Problem solving
n1607;ambivalent;6;Problem solving
n1638;intellectual;6;Problem solving
n1643;arepositive;6;Problem solving
n1644;numerous;6;Problem solving
n1675;disequilibrium;6;Problem solving
n1688;opinions;6;Problem solving
n1708;nrc2000;6;Problem solving
n1722;accepting;6;Problem solving
n1726;orgillthomas2007;6;Problem solving
n1727;liferelated;6;Problem solving
n1739;merged;6;Problem solving
n1744;executing;6;Problem solving
n22;thing;7;Hands-on experiences
n82;experience;7;Hands-on experiences
n91;authentic;7;Hands-on experiences
n121;look;7;Hands-on experiences
n138;rarely;7;Hands-on experiences
n139;proceeds;7;Hands-on experiences
n164;reallife;7;Hands-on experiences
n212;flight;7;Hands-on experiences
n213;runs;7;Hands-on experiences
n214;shelter;7;Hands-on experiences
n215;sit;7;Hands-on experiences
n216;quite;7;Hands-on experiences
n217;still;7;Hands-on experiences
n228;creep;7;Hands-on experiences
n229;sun;7;Hands-on experiences
n230;stone;7;Hands-on experiences
n231;patient;7;Hands-on experiences
n232;see;7;Hands-on experiences
n238;variety;7;Hands-on experiences
n271;handson;7;Hands-on experiences
n292;personal;7;Hands-on experiences
n322;time;7;Hands-on experiences
n331;might;7;Hands-on experiences
n332;circle;7;Hands-on experiences
n338;activity;7;Hands-on experiences
n366;set;7;Hands-on experiences
n384;wide;7;Hands-on experiences
n385;range;7;Hands-on experiences
n410;school;7;Hands-on experiences
n423;derived;7;Hands-on experiences
n491;ie;7;Hands-on experiences
n519;phenomenon;7;Hands-on experiences
n520;daily;7;Hands-on experiences
n521;life;7;Hands-on experiences
n559;reason;7;Hands-on experiences
n560;master;7;Hands-on experiences
n580;get;7;Hands-on experiences
n581;sequence;7;Hands-on experiences
n607;cooperation;7;Hands-on experiences
n641;seem;7;Hands-on experiences
n642;inflexible;7;Hands-on experiences
n643;suitable;7;Hands-on experiences
n646;chance;7;Hands-on experiences
n654;fledgling;7;Hands-on experiences
n655;milleretal2013;7;Hands-on experiences
n656;last;7;Hands-on experiences
n657;century;7;Hands-on experiences
n683;major;7;Hands-on experiences
n684;field;7;Hands-on experiences
n692;outdoor;7;Hands-on experiences
n707;excited;7;Hands-on experiences
n709;session;7;Hands-on experiences
n810;force;7;Hands-on experiences
n817;net;7;Hands-on experiences
n818;game;7;Hands-on experiences
n829;try;7;Hands-on experiences
n843;single;7;Hands-on experiences
n864;ii;7;Hands-on experiences
n876;mentioned;7;Hands-on experiences
n885;speculating;7;Hands-on experiences
n891;obtain;7;Hands-on experiences
n893;either;7;Hands-on experiences
n922;area;7;Hands-on experiences
n923;menmuiradams1997processes;7;Hands-on experiences
n972;universal;7;Hands-on experiences
n973;novices;7;Hands-on experiences
n974;p903;7;Hands-on experiences
n975;lacking;7;Hands-on experiences
n994;curious;7;Hands-on experiences
n995;surround;7;Hands-on experiences
n996;concrete;7;Hands-on experiences
n1018;entity;7;Hands-on experiences
n1019;internal;7;Hands-on experiences
n1028;deboo2000;7;Hands-on experiences
n1029;lind1999;7;Hands-on experiences
n1030;novak1977;7;Hands-on experiences
n1047;nses1996;7;Hands-on experiences
n1053;hacking1992;7;Hands-on experiences
n1129;expectations;7;Hands-on experiences
n1242;happen;7;Hands-on experiences
n1244;exert;7;Hands-on experiences
n1305;carefully;7;Hands-on experiences
n1308;intentional;7;Hands-on experiences
n1325;strength;7;Hands-on experiences
n1343;illstructured;7;Hands-on experiences
n1354;driveretal;7;Hands-on experiences
n1358;secondary;7;Hands-on experiences
n1440;enough;7;Hands-on experiences
n1468;preinquiry;7;Hands-on experiences
n1546;contrary;7;Hands-on experiences
n1551;institutional;7;Hands-on experiences
n1555;consequently;7;Hands-on experiences
n1569;multisensory;7;Hands-on experiences
n1588;constraints;7;Hands-on experiences
n1589;mini;7;Hands-on experiences
n1599;referenced;7;Hands-on experiences
n1601;culminating;7;Hands-on experiences
n1616;cover;7;Hands-on experiences
n1632;discouraged;7;Hands-on experiences
n1633;nursery;7;Hands-on experiences
n1667;occurrence;7;Hands-on experiences
n1699;expertise;7;Hands-on experiences
n1712;comprehend;7;Hands-on experiences
n1732;past;7;Hands-on experiences
n27;call;8;Surrounding world
n28;natural;8;Surrounding world
n44;reflective;8;Surrounding world
n45;action;8;Surrounding world
n54;world;8;Surrounding world
n62;relation;8;Surrounding world
n145;overlap;8;Surrounding world
n146;every;8;Surrounding world
n169;individual;8;Surrounding world
n244;material;8;Surrounding world
n259;interview;8;Surrounding world
n269;term;8;Surrounding world
n284;task;8;Surrounding world
n293;social;8;Surrounding world
n348;often;8;Surrounding world
n354;specify;8;Surrounding world
n359;scaffold;8;Surrounding world
n461;regard;8;Surrounding world
n525;partially;8;Surrounding world
n526;entirely;8;Surrounding world
n527;inadequate;8;Surrounding world
n528;furthermore;8;Surrounding world
n551;achieve;8;Surrounding world
n556;around;8;Surrounding world
n596;real;8;Surrounding world
n705;crevice;8;Surrounding world
n784;augmented;8;Surrounding world
n802;virtual;8;Surrounding world
n879;three;8;Surrounding world
n897;fsl;8;Surrounding world
n949;implement;8;Surrounding world
n950;forensic;8;Surrounding world
n956;manipulation;8;Surrounding world
n965;acknowledge;8;Surrounding world
n968;issue;8;Surrounding world
n999;divided;8;Surrounding world
n1095;along;8;Surrounding world
n1105;fail;8;Surrounding world
n1110;feature;8;Surrounding world
n1114;sensitive;8;Surrounding world
n1119;salient;8;Surrounding world
n1142;attention;8;Surrounding world
n1145;concern;8;Surrounding world
n1155;avoid;8;Surrounding world
n1167;capability;8;Surrounding world
n1180;oversimplified;8;Surrounding world
n1296;people;8;Surrounding world
n1312;childinitiated;8;Surrounding world
n1335;interface;8;Surrounding world
n1359;manifest;8;Surrounding world
n1360;subsequent;8;Surrounding world
n1364;driveretals;8;Surrounding world
n1365;finer;8;Surrounding world
n1366;grain;8;Surrounding world
n1368;observable;8;Surrounding world
n1400;ngss;8;Surrounding world
n1401;nrc2012;8;Surrounding world
n1402;examination;8;Surrounding world
n1454;vocabulary;8;Surrounding world
n1457;utility;8;Surrounding world
n1458;history;8;Surrounding world
n1500;rankin2011;8;Surrounding world
n1543;standardized;8;Surrounding world
n1544;ore;8;Surrounding world
n1545;stablished;8;Surrounding world
n1547;precede;8;Surrounding world
n1548;origin;8;Surrounding world
n1549;canonical;8;Surrounding world
n1604;‚Äì;8;Surrounding world
n1612;weighed;8;Surrounding world
n1613;seemingly;8;Surrounding world
n1614;incompatible;8;Surrounding world
n1618;annoying;8;Surrounding world
n1619;going;8;Surrounding world
n1620;impediment;8;Surrounding world
n1621;overbearing;8;Surrounding world
n1634;micropolitics;8;Surrounding world
n1654;ingredient;8;Surrounding world
n1659;vastly;8;Surrounding world
n1677;clash;8;Surrounding world
n1678;overlay;8;Surrounding world
n1700;p86;8;Surrounding world
n1702;furnished;8;Surrounding world
n1715;autonomy;8;Surrounding world
n61;distinction;9;Surrounding world
n205;like;9;Agency of child during inquiry
n219;little;9;Agency of child during inquiry
n493;peers;9;Agency of child during inquiry
n543;tractable;9;Agency of child during inquiry
n544;difficult;9;Agency of child during inquiry
n602;unfamiliar;9;Agency of child during inquiry
n617;enumerates;9;Agency of child during inquiry
n618;implications;9;Agency of child during inquiry
n619;usage;9;Agency of child during inquiry
n620;application;9;Agency of child during inquiry
n621;era;9;Agency of child during inquiry
n653;kindergartener;9;Agency of child during inquiry
n686;lesson;9;Agency of child during inquiry
n687;plan;9;Agency of child during inquiry
n688;adult;9;Agency of child during inquiry
n689;assign;9;Agency of child during inquiry
n711;plant;9;Agency of child during inquiry
n712;animal;9;Agency of child during inquiry
n722;text;9;Agency of child during inquiry
n731;study_teacher;9;Agency of child during inquiry
n757;read;9;Agency of child during inquiry
n767;predict;9;Agency of child during inquiry
n788;location;9;Agency of child during inquiry
n789;2;9;Agency of child during inquiry
n827;kind;9;Agency of child during inquiry
n880;distinguish;9;Agency of child during inquiry
n919;invite;9;Agency of child during inquiry
n926;epstein2007;9;Agency of child during inquiry
n927;french2004;9;Agency of child during inquiry
n928;gerdeetal2013;9;Agency of child during inquiry
n929;menmuiradams1997;9;Agency of child during inquiry
n930;afford;9;Agency of child during inquiry
n937;gelmanbrenneman2012;9;Agency of child during inquiry
n938;wasserman2015;9;Agency of child during inquiry
n939;gelmanetal2010;9;Agency of child during inquiry
n940;greenfieldetal2009;9;Agency of child during inquiry
n941;inanetal2010;9;Agency of child during inquiry
n946;bjorklund2011;9;Agency of child during inquiry
n970;samarapungavanetal2008;9;Agency of child during inquiry
n981;examine;9;Agency of child during inquiry
n987;peterson;9;Agency of child during inquiry
n988;french2008;9;Agency of child during inquiry
n1031;overwhelmingly;9;Agency of child during inquiry
n1039;rely;9;Agency of child during inquiry
n1055;occur;9;Agency of child during inquiry
n1060;ermeling2010;9;Agency of child during inquiry
n1122;properties;9;Agency of child during inquiry
n1177;mistakes;9;Agency of child during inquiry
n1207;greifetal2006;9;Agency of child during inquiry
n1208;hold;9;Agency of child during inquiry
n1209;novel;9;Agency of child during inquiry
n1210;inanimate;9;Agency of child during inquiry
n1211;artifact;9;Agency of child during inquiry
n1212;mobile;9;Agency of child during inquiry
n1215;living‚Äìnonliving;9;Agency of child during inquiry
n1218;backscheideretal1993;9;Agency of child during inquiry
n1219;inagakihatano2002;9;Agency of child during inquiry
n1220;keil1992;9;Agency of child during inquiry
n1221;opfergelman2001;9;Agency of child during inquiry
n1222;opfersiegler2004;9;Agency of child during inquiry
n1223;correct;9;Agency of child during inquiry
n1224;living;9;Agency of child during inquiry
n1225;nonliving;9;Agency of child during inquiry
n1226;immobile;9;Agency of child during inquiry
n1228;contrast;9;Agency of child during inquiry
n1229;encounter;9;Agency of child during inquiry
n1231;carey1985;9;Agency of child during inquiry
n1232;hatanoetal1993;9;Agency of child during inquiry
n1233;meuniercordier2004;9;Agency of child during inquiry
n1234;richardssiegler1984;9;Agency of child during inquiry
n1235;waxman2005;9;Agency of child during inquiry
n1302;moreable;9;Agency of child during inquiry
n1417;fiction;9;Agency of child during inquiry
n1418;nonfiction;9;Agency of child during inquiry
n1423;reconstruct;9;Agency of child during inquiry
n1473;zhangetal2011;9;Agency of child during inquiry
n1479;administered;9;Agency of child during inquiry
n1517;reform;9;Agency of child during inquiry
n1528;extent;9;Agency of child during inquiry
n1529;turkish;9;Agency of child during inquiry
n1686;earlyyears;9;Agency of child during inquiry
n1696;ideas2015p17;9;Agency of child during inquiry
n1697;intervenes;9;Agency of child during inquiry
n1742;exercising;9;Agency of child during inquiry
n1743;brain;9;Agency of child during inquiry
n66;unified;10;Reflect and discuss
n67;whole;10;Reflect and discuss
n80;discuss;10;Reflect and discuss
n83;reflect;10;Reflect and discuss
n96;brucedavidson1996;10;Reflect and discuss
n252;enhance;10;Reflect and discuss
n253;addons;10;Reflect and discuss
n307;networks;10;Reflect and discuss
n311;whether;10;Reflect and discuss
n312;transform;10;Reflect and discuss
n324;initial;10;Reflect and discuss
n337;class;10;Reflect and discuss
n392;report;10;Reflect and discuss
n430;strategy;10;Reflect and discuss
n431;attainment;10;Reflect and discuss
n432;akersonvolrich2006;10;Reflect and discuss
n433;khishfeabdelkhalick2002;10;Reflect and discuss
n434;metz2004;10;Reflect and discuss
n439;repeat;10;Reflect and discuss
n440;increase;10;Reflect and discuss
n441;level;10;Reflect and discuss
n443;bybee2011;10;Reflect and discuss
n444;michaelsetal2008;10;Reflect and discuss
n494;high;10;Reflect and discuss
n550;risk;10;Reflect and discuss
n745;order;10;Reflect and discuss
n834;explicit;10;Reflect and discuss
n892;beforehand;10;Reflect and discuss
n1124;verbal;10;Reflect and discuss
n1125;nonverbally;10;Reflect and discuss
n1175;lepperetal1997;10;Reflect and discuss
n1255;much;10;Reflect and discuss
n1256;watch;10;Reflect and discuss
n1257;copying;10;Reflect and discuss
n1345;top;10;Reflect and discuss
n1355;strong;10;Reflect and discuss
n1356;na√Øve;10;Reflect and discuss
n1357;realism;10;Reflect and discuss
n1367;vestiges;10;Reflect and discuss
n1470;presentations;10;Reflect and discuss
n1507;nation;10;Reflect and discuss
n1515;named;10;Reflect and discuss
n1516;imperative;10;Reflect and discuss
n1521;2000s;10;Reflect and discuss
n1701;useful;10;Reflect and discuss
n29;resource;11;Open-ended investigations
n30;uninvested;11;Open-ended investigations
n31;capital;11;Open-ended investigations
n32;upon;11;Open-ended investigations
n33;depend;11;Open-ended investigations
n47;latter;11;Open-ended investigations
n77;investigate;11;Open-ended investigations
n206;firing;11;Open-ended investigations
n207;gun;11;Open-ended investigations
n208;bang;11;Open-ended investigations
n209;goes;11;Open-ended investigations
n210;everything;11;Open-ended investigations
n236;man;11;Open-ended investigations
n237;p272;11;Open-ended investigations
n258;observe;11;Open-ended investigations
n295;involve;11;Open-ended investigations
n299;built;11;Open-ended investigations
n367;open;11;Open-ended investigations
n368;end;11;Open-ended investigations
n377;alone;11;Open-ended investigations
n401;picture;11;Open-ended investigations
n406;outputs;11;Open-ended investigations
n407;story;11;Open-ended investigations
n463;p20;11;Open-ended investigations
n464;consistent;11;Open-ended investigations
n465;duschl2008;11;Open-ended investigations
n694;frequent;11;Open-ended investigations
n708;independent;11;Open-ended investigations
n750;conduct;11;Open-ended investigations
n795;commercially;11;Open-ended investigations
n796;available;11;Open-ended investigations
n870;must;11;Open-ended investigations
n1001;since;11;Open-ended investigations
n1002;birth;11;Open-ended investigations
n1036;enactment;11;Open-ended investigations
n1040;tend;11;Open-ended investigations
n1041;mind;11;Open-ended investigations
n1042;speak;11;Open-ended investigations
n1063;impact;11;Open-ended investigations
n1064;let;11;Open-ended investigations
n1068;4;11;Open-ended investigations
n1118;usually;11;Open-ended investigations
n1261;seeingit;11;Open-ended investigations
n1303;vygotsky19781986;11;Open-ended investigations
n1379;coherent;11;Open-ended investigations
n1390;trend;11;Open-ended investigations
n1404;evidenceexplanation;11;Open-ended investigations
n1405;ee;11;Open-ended investigations
n1406;continuum;11;Open-ended investigations
n1409;outeach;11;Open-ended investigations
n1410;se;11;Open-ended investigations
n1411;transitions;11;Open-ended investigations
n1466;criterion;11;Open-ended investigations
n1483;respect;11;Open-ended investigations
n1623;arrive;11;Open-ended investigations
n1631;attitudes;11;Open-ended investigations
n1642;prime;11;Open-ended investigations
n1645;dismissed;11;Open-ended investigations
n1646;welcomed;11;Open-ended investigations
n1698;predetermined;11;Open-ended investigations
n1725;bybee1997;11;Open-ended investigations
n55;control;12;Allow Student expressiveness
n56;instruct_guide;12;Allow Student expressiveness
n57;transformation;12;Allow Student expressiveness
n112;serve;12;Allow Student expressiveness
n115;stargriesmer1989;12;Allow Student expressiveness
n116;allow;12;Allow Student expressiveness
n179;computer;12;Allow Student expressiveness
n182;student;12;Allow Student expressiveness
n185;bug;12;Allow Student expressiveness
n198;always;12;Allow Student expressiveness
n211;take;12;Allow Student expressiveness
n268;picks;12;Allow Student expressiveness
n313;later;12;Allow Student expressiveness
n318;move;12;Allow Student expressiveness
n323;back;12;Allow Student expressiveness
n343;manage;12;Allow Student expressiveness
n383;attend;12;Allow Student expressiveness
n387;value;12;Allow Student expressiveness
n488;hmelosilveretal2007;12;Allow Student expressiveness
n489;kirschneretal2006;12;Allow Student expressiveness
n490;typical;12;Allow Student expressiveness
n496;fostering;12;Allow Student expressiveness
n529;place;12;Allow Student expressiveness
n530;demands;12;Allow Student expressiveness
n545;add;12;Allow Student expressiveness
n547;hence;12;Allow Student expressiveness
n548;especially;12;Allow Student expressiveness
n549;beneficial;12;Allow Student expressiveness
n647;flexibility;12;Allow Student expressiveness
n690;voluntary;12;Allow Student expressiveness
n691;first;12;Allow Student expressiveness
n726;section;12;Allow Student expressiveness
n732;provocateur;12;Allow Student expressiveness
n746;strengthen;12;Allow Student expressiveness
n785;vision;12;Allow Student expressiveness
n809;microworld;12;Allow Student expressiveness
n812;animation;12;Allow Student expressiveness
n813;combine;12;Allow Student expressiveness
n819;6‚Äì8;12;Allow Student expressiveness
n820;year;12;Allow Student expressiveness
n837;multi;12;Allow Student expressiveness
n838;faceted;12;Allow Student expressiveness
n890;indicate;12;Allow Student expressiveness
n920;explicated;12;Allow Student expressiveness
n921;upcoming;12;Allow Student expressiveness
n982;kindergarten;12;Allow Student expressiveness
n1000;cause;12;Allow Student expressiveness
n1043;emphasize;12;Allow Student expressiveness
n1072;beyond;12;Allow Student expressiveness
n1094;matching;12;Allow Student expressiveness
n1098;unproductive;12;Allow Student expressiveness
n1134;plastic;12;Allow Student expressiveness
n1135;adjective;12;Allow Student expressiveness
n1136;shininess;12;Allow Student expressiveness
n1137;lightness;12;Allow Student expressiveness
n1138;p209;12;Allow Student expressiveness
n1139;grammatical;12;Allow Student expressiveness
n1140;opposed;12;Allow Student expressiveness
n1141;cup;12;Allow Student expressiveness
n1150;pintrich;12;Allow Student expressiveness
n1151;marxboyle1993;12;Allow Student expressiveness
n1156;unable;12;Allow Student expressiveness
n1185;isolation;12;Allow Student expressiveness
n1191;commonplace;12;Allow Student expressiveness
n1192;reference;12;Allow Student expressiveness
n1238;england;12;Allow Student expressiveness
n1370;p115;12;Allow Student expressiveness
n1372;factor;12;Allow Student expressiveness
n1438;zechetal2000;12;Allow Student expressiveness
n1441;slp;12;Allow Student expressiveness
n1451;chinnsamarapungavan2008;12;Allow Student expressiveness
n1452;suppes19601962;12;Allow Student expressiveness
n1453;woodward1989;12;Allow Student expressiveness
n1463;publications;12;Allow Student expressiveness
n1530;dialectical;12;Allow Student expressiveness
n1534;gallas1995;12;Allow Student expressiveness
n1535;lemke1990;12;Allow Student expressiveness
n1552;rooted;12;Allow Student expressiveness
n1561;vanhooketal2005;12;Allow Student expressiveness
n1562;vanhookhuziakclark2007b;12;Allow Student expressiveness
n1571;aid;12;Allow Student expressiveness
n1573;kinesthetic;12;Allow Student expressiveness
n1641;usual;12;Allow Student expressiveness
n1679;wattsalsop1995in;12;Allow Student expressiveness
n24;construct;13;Previous and new knowledge
n42;form;13;Previous and new knowledge
n51;descriptive;13;Previous and new knowledge
n52;account;13;Previous and new knowledge
n53;survival;13;Previous and new knowledge
n68;inspire;13;Previous and new knowledge
n84;new;13;Previous and new knowledge
n85;knowledge;13;Previous and new knowledge
n100;posing;13;Previous and new knowledge
n113;boundary;13;Previous and new knowledge
n114;object;13;Previous and new knowledge
n118;relate;13;Previous and new knowledge
n149;fact;13;Previous and new knowledge
n166;refer;13;Previous and new knowledge
n187;behavior;13;Previous and new knowledge
n195;formulate;13;Previous and new knowledge
n220;will;13;Previous and new knowledge
n254;gather;13;Previous and new knowledge
n255;information;13;Previous and new knowledge
n264;plunge;13;Previous and new knowledge
n265;anticipate;13;Previous and new knowledge
n289;hisher;13;Previous and new knowledge
n290;previous;13;Previous and new knowledge
n350;sometimes;13;Previous and new knowledge
n351;seek;13;Previous and new knowledge
n352;arouse;13;Previous and new knowledge
n399;offering;13;Previous and new knowledge
n404;expand;13;Previous and new knowledge
n408;web;13;Previous and new knowledge
n409;site;13;Previous and new knowledge
n422;confirm;13;Previous and new knowledge
n442;proficient;13;Previous and new knowledge
n478;according;13;Previous and new knowledge
n502;large;13;Previous and new knowledge
n503;body;13;Previous and new knowledge
n507;reach;13;Previous and new knowledge
n518;explanation;13;Previous and new knowledge
n531;language;13;Previous and new knowledge
n533;oral;13;Previous and new knowledge
n534;write;13;Previous and new knowledge
n535;leefradd1998;13;Previous and new knowledge
n536;sufficient;13;Previous and new knowledge
n538;akersonetal2000;13;Previous and new knowledge
n539;osborneetal2004;13;Previous and new knowledge
n540;van;13;Previous and new knowledge
n541;boxteletal2000;13;Previous and new knowledge
n546;poor;13;Previous and new knowledge
n558;content;13;Previous and new knowledge
n572;expected;13;Previous and new knowledge
n583;formation;13;Previous and new knowledge
n584;extension;13;Previous and new knowledge
n594;test;13;Previous and new knowledge
n595;exist;13;Previous and new knowledge
n648;prerequisite;13;Previous and new knowledge
n662;integrate;13;Previous and new knowledge
n717;robust;13;Previous and new knowledge
n727;trundleetal2010;13;Previous and new knowledge
n733;wien2014;13;Previous and new knowledge
n760;representation;13;Previous and new knowledge
n762;various;13;Previous and new knowledge
n807;instantly;13;Previous and new knowledge
n808;imported;13;Previous and new knowledge
n825;enact;13;Previous and new knowledge
n826;leverage;13;Previous and new knowledge
n833;type;13;Previous and new knowledge
n841;change;13;Previous and new knowledge
n842;water;13;Previous and new knowledge
n858;score2013;13;Previous and new knowledge
n863;hypothesis;13;Previous and new knowledge
n875;viii;13;Previous and new knowledge
n881;guisasolaetal2006;13;Previous and new knowledge
n887;trueprocedural;13;Previous and new knowledge
n912;jumpstarting;13;Previous and new knowledge
n932;rich;13;Previous and new knowledge
n934;static;13;Previous and new knowledge
n935;prescribed;13;Previous and new knowledge
n957;gain;13;Previous and new knowledge
n977;discourse;13;Previous and new knowledge
n1004;howejones1998;13;Previous and new knowledge
n1093;hand;13;Previous and new knowledge
n1104;traditional;13;Previous and new knowledge
n1116;float;13;Previous and new knowledge
n1117;sink;13;Previous and new knowledge
n1123;samematerial;13;Previous and new knowledge
n1146;solid;13;Previous and new knowledge
n1190;recreate;13;Previous and new knowledge
n1248;item;13;Previous and new knowledge
n1293;contextualised;13;Previous and new knowledge
n1294;bound;13;Previous and new knowledge
n1295;socially;13;Previous and new knowledge
n1351;puzzle;13;Previous and new knowledge
n1353;thereof;13;Previous and new knowledge
n1369;takenforgranted;13;Previous and new knowledge
n1399;exemplified;13;Previous and new knowledge
n1419;wrap;13;Previous and new knowledge
n1450;unique;13;Previous and new knowledge
n1455;laws;13;Previous and new knowledge
n1464;spaces;13;Previous and new knowledge
n1465;conventions;13;Previous and new knowledge
n1524;parallel;13;Previous and new knowledge
n1554;pekarekdoehlerziegler2007p85;13;Previous and new knowledge
n1558;energy;13;Previous and new knowledge
n1559;lijnse1990;13;Previous and new knowledge
n1560;trumper1990;13;Previous and new knowledge
n1592;extracted;13;Previous and new knowledge
n1594;returned;13;Previous and new knowledge
n1740;symbolization;13;Previous and new knowledge
n9;model;14;Instructional model and evidence
n15;interest;14;Instructional model and evidence
n16;learner;14;Instructional model and evidence
n17;category_classify;14;Instructional model and evidence
n40;idea;14;Instructional model and evidence
n48;use;14;Instructional model and evidence
n71;begin;14;Instructional model and evidence
n95;turn;14;Instructional model and evidence
n119;theory;14;Instructional model and evidence
n120;ordinary;14;Instructional model and evidence
n163;genuine;14;Instructional model and evidence
n170;participate;14;Instructional model and evidence
n183;become;14;Instructional model and evidence
n186;software;14;Instructional model and evidence
n276;coalesce;14;Instructional model and evidence
n288;extend;14;Instructional model and evidence
n301;society;14;Instructional model and evidence
n369;authors;14;Instructional model and evidence
n370;argue;14;Instructional model and evidence
n375;empirical;14;Instructional model and evidence
n378;theoretical;14;Instructional model and evidence
n381;sense;14;Instructional model and evidence
n394;employ;14;Instructional model and evidence
n403;sustain;14;Instructional model and evidence
n418;evidence;14;Instructional model and evidence
n446;disciplinary;14;Instructional model and evidence
n454;instruction;14;Instructional model and evidence
n455;und;14;Instructional model and evidence
n456;evaluate;14;Instructional model and evidence
n466;identify;14;Instructional model and evidence
n481;operate;14;Instructional model and evidence
n485;effect;14;Instructional model and evidence
n497;subject;14;Instructional model and evidence
n498;matter;14;Instructional model and evidence
n505;propose;14;Instructional model and evidence
n537;explain;14;Instructional model and evidence
n577;5e;14;Instructional model and evidence
n588;marek2008;14;Instructional model and evidence
n590;constructivism;14;Instructional model and evidence
n592;assume;14;Instructional model and evidence
n593;bring;14;Instructional model and evidence
n600;accommodation;14;Instructional model and evidence
n601;fit;14;Instructional model and evidence
n603;colburn2003;14;Instructional model and evidence
n604;researchbased;14;Instructional model and evidence
n608;coconstruct;14;Instructional model and evidence
n671;modify;14;Instructional model and evidence
n672;version;14;Instructional model and evidence
n673;method;14;Instructional model and evidence
n719;elaborate;14;Instructional model and evidence
n734;central;14;Instructional model and evidence
n735;tenets;14;Instructional model and evidence
n771;sparks;14;Instructional model and evidence
n772;anchors;14;Instructional model and evidence
n777;accurate;14;Instructional model and evidence
n778;inaccurate;14;Instructional model and evidence
n781;lpp;14;Instructional model and evidence
n782;system;14;Instructional model and evidence
n790;translate;14;Instructional model and evidence
n791;motion;14;Instructional model and evidence
n797;track_trace;14;Instructional model and evidence
n798;pattern;14;Instructional model and evidence
n823;danish2009;14;Instructional model and evidence
n915;simplified;14;Instructional model and evidence
n936;big;14;Instructional model and evidence
n971;commented;14;Instructional model and evidence
n985;revise;14;Instructional model and evidence
n1003;estimation;14;Instructional model and evidence
n1011;correspond;14;Instructional model and evidence
n1026;hogan2000;14;Instructional model and evidence
n1027;hoganmaglienti2001;14;Instructional model and evidence
n1038;coordination;14;Instructional model and evidence
n1045;harlen1996;14;Instructional model and evidence
n1046;lind;14;Instructional model and evidence
n1076;eickreed2002;14;Instructional model and evidence
n1083;rubric;14;Instructional model and evidence
n1084;stir;14;Instructional model and evidence
n1161;indeed;14;Instructional model and evidence
n1162;selfreliant;14;Instructional model and evidence
n1164;bscs;14;Instructional model and evidence
n1275;whilst;14;Instructional model and evidence
n1311;andor;14;Instructional model and evidence
n1327;staff;14;Instructional model and evidence
n1371;onetoone;14;Instructional model and evidence
n1373;minority;14;Instructional model and evidence
n1374;16yearolds;14;Instructional model and evidence
n1375;exhibited;14;Instructional model and evidence
n1380;posited;14;Instructional model and evidence
n1383;syntactic;14;Instructional model and evidence
n1384;analogical;14;Instructional model and evidence
n1385;hypotheticaldeductive;14;Instructional model and evidence
n1392;osborne2014;14;Instructional model and evidence
n1393;osborne;14;Instructional model and evidence
n1407;ascertain;14;Instructional model and evidence
n1422;resembling;14;Instructional model and evidence
n1426;blumniss1991;14;Instructional model and evidence
n1427;erickson1999;14;Instructional model and evidence
n1428;lubienski1999;14;Instructional model and evidence
n1435;impose;14;Instructional model and evidence
n1445;validation;14;Instructional model and evidence
n1460;cartwright19831999;14;Instructional model and evidence
n1461;giere1988kuhn1962;14;Instructional model and evidence
n1462;laudan1990;14;Instructional model and evidence
n1485;provoked;14;Instructional model and evidence
n1491;born;14;Instructional model and evidence
n1501;sustained;14;Instructional model and evidence
n1523;turkey;14;Instructional model and evidence
n1553;configuring;14;Instructional model and evidence
n1570;ripe;14;Instructional model and evidence
n1694;seriously;14;Instructional model and evidence
n1713;heard;14;Instructional model and evidence
n1716;firsthand;14;Instructional model and evidence
n1737;dieness1973;14;Instructional model and evidence
n3;pedagogy;15;Transdisciplinary practice
n12;one;15;Transdisciplinary practice
n50;provide;15;Transdisciplinary practice
n224;venture;15;Transdisciplinary practice
n225;forth;15;Transdisciplinary practice
n226;thickets;15;Transdisciplinary practice
n227;intent;15;Transdisciplinary practice
n326;made;15;Transdisciplinary practice
n330;light;15;Transdisciplinary practice
n336;design;15;Transdisciplinary practice
n361;ahead;15;Transdisciplinary practice
n362;signature;15;Transdisciplinary practice
n390;powerful;15;Transdisciplinary practice
n467;epistemic;15;Transdisciplinary practice
n469;principle;15;Transdisciplinary practice
n578;bybeeetal2006;15;Transdisciplinary practice
n636;nrc1999;15;Transdisciplinary practice
n637;rearranging;15;Transdisciplinary practice
n693;acreage;15;Transdisciplinary practice
n715;landscape;15;Transdisciplinary practice
n716;attribute;15;Transdisciplinary practice
n751;appropriate;15;Transdisciplinary practice
n752;tool;15;Transdisciplinary practice
n770;overall;15;Transdisciplinary practice
n774;adaptable;15;Transdisciplinary practice
n849;interacademy;15;Transdisciplinary practice
n850;partnership;15;Transdisciplinary practice
n851;iap2010p19;15;Transdisciplinary practice
n852;among;15;Transdisciplinary practice
n908;spiraling;15;Transdisciplinary practice
n909;dynamic;15;Transdisciplinary practice
n942;apply;15;Transdisciplinary practice
n967;hedges2000p18;15;Transdisciplinary practice
n991;investigators;15;Transdisciplinary practice
n1010;basis;15;Transdisciplinary practice
n1050;fleer1993;15;Transdisciplinary practice
n1188;embraces;15;Transdisciplinary practice
n1189;transdisciplinary;15;Transdisciplinary practice
n1260;go;15;Transdisciplinary practice
n1263;sounds;15;Transdisciplinary practice
n1408;duschl;15;Transdisciplinary practice
n1413;second;15;Transdisciplinary practice
n1414;potential;15;Transdisciplinary practice
n1433;generic;15;Transdisciplinary practice
n1444;grandy2008these;15;Transdisciplinary practice
n1456;ongoing;15;Transdisciplinary practice
n1502;bentleyetal2007;15;Transdisciplinary practice
n1503;martinetal2009;15;Transdisciplinary practice
n1539;pouring;15;Transdisciplinary practice
n1575;remember;15;Transdisciplinary practice
n1655;questionasking;15;Transdisciplinary practice
n1656;transgressive;15;Transdisciplinary practice
n1662;full;15;Transdisciplinary practice
n1734;precept;15;Transdisciplinary practice
n1735;constructivity;15;Transdisciplinary practice
n2;think;16;Process skill
n19;conversation;16;Process skill
n20;communicate;16;Process skill
n21;find;16;Process skill
n26;express;16;Process skill
n41;process;16;Process skill
n123;modes;16;Process skill
n157;otherwise;16;Process skill
n158;opaque;16;Process skill
n203;way;16;Process skill
n239;possible;16;Process skill
n240;many;16;Process skill
n266;selfmotivated;16;Process skill
n274;collaborative;16;Process skill
n277;connect;16;Process skill
n278;ability;16;Process skill
n280;creative;16;Process skill
n281;spark;16;Process skill
n282;now;16;Process skill
n283;undertakes;16;Process skill
n303;conclusion;16;Process skill
n306;online;16;Process skill
n342;draw;16;Process skill
n373;literacy;16;Process skill
n376;result;16;Process skill
n382;know;16;Process skill
n417;infer;16;Process skill
n424;logical;16;Process skill
n450;good;16;Process skill
n458;suggest;16;Process skill
n462;minneretal2009;16;Process skill
n508;consider;16;Process skill
n509;slow;16;Process skill
n510;gradual;16;Process skill
n542;skill;16;Process skill
n566;critical;16;Process skill
n567;thinking;16;Process skill
n638;renner;16;Process skill
n639;abrahambernie1988;16;Process skill
n720;describe_ption;16;Process skill
n759;alternative;16;Process skill
n773;want;16;Process skill
n801;inexpensive;16;Process skill
n848;already;16;Process skill
n854;requires;16;Process skill
n869;vi;16;Process skill
n872;number;16;Process skill
n886;deductive;16;Process skill
n906;iterative;16;Process skill
n916;cycles;16;Process skill
n918;efforts;16;Process skill
n943;gelmanbrenneman2004;16;Process skill
n966;agents;16;Process skill
n983;monarch;16;Process skill
n984;butterfly;16;Process skill
n998;cepnietal2006;16;Process skill
n1005;check;16;Process skill
n1007;kefietal2013;16;Process skill
n1021;psillos;16;Process skill
n1022;tselfes;16;Process skill
n1023;kariotoglou2004;16;Process skill
n1077;bianchinicolburn2000;16;Process skill
n1078;lambert2007;16;Process skill
n1088;windschitl2003;16;Process skill
n1090;verify;16;Process skill
n1130;justify;16;Process skill
n1201;possessing;16;Process skill
n1202;capable;16;Process skill
n1205;knowledgepossessing;16;Process skill
n1247;buoyancy;16;Process skill
n1249;explorers;16;Process skill
n1262;noticing;16;Process skill
n1306;practitioner;16;Process skill
n1307;evenapparently;16;Process skill
n1316;p159;16;Process skill
n1317;balance;16;Process skill
n1318;intervene;16;Process skill
n1321;pedagogic;16;Process skill
n1323;train;16;Process skill
n1324;address;16;Process skill
n1331;computational;16;Process skill
n1344;albeit;16;Process skill
n1347;mayr1997;16;Process skill
n1382;lehrerschauble2000;16;Process skill
n1387;instrument;16;Process skill
n1420;chart;16;Process skill
n1421;sociocognitive;16;Process skill
n1474;indicators;16;Process skill
n1475;reveal;16;Process skill
n1527;clues;16;Process skill
n1585;helmkatz2011;16;Process skill
n1586;ideally;16;Process skill
n1624;receiving;16;Process skill
n1625;common;16;Process skill
n1626;wisdom;16;Process skill
n1647;answerable;16;Process skill
n1648;wattspedrosadejesus2006;16;Process skill
n1652;chinkayalvizhi2002;16;Process skill
n1657;third;16;Process skill
n1661;arnold2009;16;Process skill
n1709;richards1991;16;Process skill
n1731;osterman1998p4;16;Process skill
n38;state;17;Educational political context
n172;something;17;Educational political context
n173;delivered;17;Educational political context
n174;outside;17;Educational political context
n201;elspethhuxley1959;17;Educational political context
n411;university;17;Educational political context
n412;partner;17;Educational political context
n413;sought;17;Educational political context
n663;nsta2014;17;Educational political context
n664;position;17;Educational political context
n670;academic;17;Educational political context
n676;united;17;Educational political context
n739;krajciketal2003;17;Educational political context
n740;2014;17;Educational political context
n882;stating;17;Educational political context
n883;yet;17;Educational political context
n953;platform;17;Educational political context
n1044;eshachfried2005;17;Educational political context
n1052;bredekampcople1997;17;Educational political context
n1184;belief;17;Educational political context
n1195;studentcentred;17;Educational political context
n1204;classroombased;17;Educational political context
n1269;sensemakingis;17;Educational political context
n1270;highlighted;17;Educational political context
n1388;policy;17;Educational political context
n1395;reforms;17;Educational political context
n1489;harlanrivkin2008p4;17;Educational political context
n1490;barell2008;17;Educational political context
n79;create;18;Share product with others
n129;note;18;Share product with others
n130;merely;18;Share product with others
n131;suggestive;18;Share product with others
n132;neither;18;Share product with others
n133;sole;18;Share product with others
n134;complete;18;Share product with others
n135;rigid;18;Share product with others
n136;characterization;18;Share product with others
n171;community;18;Share product with others
n180;researcher;18;Share product with others
n189;programming;18;Share product with others
n190;enormous;18;Share product with others
n261;refine;18;Share product with others
n294;arrangements;18;Share product with others
n298;share;18;Share product with others
n347;goal;18;Share product with others
n349;classroom;18;Share product with others
n372;product;18;Share product with others
n405;review;18;Share product with others
n460;cognitive;18;Share product with others
n564;main;18;Share product with others
n779;critiqued;18;Share product with others
n799;technology;18;Share product with others
n800;kato2006;18;Share product with others
n803;12;18;Share product with others
n804;x;18;Share product with others
n805;carpet;18;Share product with others
n806;front;18;Share product with others
n895;fsls;18;Share product with others
n896;ultimate;18;Share product with others
n951;fouryearold;18;Share product with others
n1340;toplevel;18;Share product with others
n1439;originated;18;Share product with others
n1496;problematic;18;Share product with others
n1497;scenarios;18;Share product with others
n1498;garnering;18;Share product with others
n1499;parental;18;Share product with others
n1520;anationatrisk1983;18;Share product with others
n1522;effort;18;Share product with others
n1533;ash2004;18;Share product with others
n1567;hooks;18;Share product with others
n1578;lift;18;Share product with others
n1579;squeeze;18;Share product with others
n1580;stretch;18;Share product with others
n1581;twist;18;Share product with others
n1680;precurser;18;Share product with others
n1707;conflict;18;Share product with others
n1745;causes;18;Share product with others
n137;actual;19;Influence of mental function
n358;function;19;Influence of mental function
n576;influence;19;Influence of mental function
n586;piagets;19;Influence of mental function
n587;mental;19;Influence of mental function
n931;fascination;19;Influence of mental function
n1012;hacking19921995;19;Influence of mental function
n1013;map;19;Influence of mental function
n1014;laboratory;19;Influence of mental function
n1089;cookbook;19;Influence of mental function
n1126;invitation;19;Influence of mental function
n1170;garon;19;Influence of mental function
n1171;brysonsmith2008;19;Influence of mental function
n1172;operation;19;Influence of mental function
n1245;bjorklundgardiner2011p154;19;Influence of mental function
n1338;c;19;Influence of mental function
n1339;entwining;19;Influence of mental function
n1341;subgoals;19;Influence of mental function
n1476;parents;19;Influence of mental function
n1550;schliebenlange1987;19;Influence of mental function
n1706;future;19;Influence of mental function
n141;linear;20;Inquiry not linear
n151;mutual;20;Inquiry not linear
n152;reinforce;20;Inquiry not linear
n153;interrelated;20;Inquiry not linear
n154;despite;20;Inquiry not linear
n285;shape;20;Inquiry not linear
n321;continue;20;Inquiry not linear
n334;whereby;20;Inquiry not linear
n610;itemized;20;Inquiry not linear
n611;manner;20;Inquiry not linear
n612;guest;20;Inquiry not linear
n613;editorial;20;Inquiry not linear
n614;bybee2014;20;Inquiry not linear
n907;stepbystep;20;Inquiry not linear
n1120;weight;20;Inquiry not linear
n1121;size;20;Inquiry not linear
n1531;interactants;20;Inquiry not linear
n1565;succinct;20;Inquiry not linear
n1566;phrase;20;Inquiry not linear
n1577;brief;20;Inquiry not linear
n1600;showcase;20;Inquiry not linear
n1736;manipulatives;20;Inquiry not linear