Id,Word,Module,Frequency,indegree,outdegree,Degree
n0,researcher,16,5,1,3,4
n1,devised,16,2,1,1,2
n2,practice,13,59,8,1,9
n3,profile,17,4,0,2,2
n4,inquiry,13,153,25,1,26
n5,caseybruce2011,6,2,0,1,1
n6,caseyetal2009,6,2,1,1,2
n7,basedon,6,34,5,1,6
n8,element,5,23,3,2,5
n9,cycle,19,27,2,1,3
n10,add,17,40,9,1,10
n11,rating,2,4,0,2,2
n12,participate,13,24,5,1,6
n13,print,9,8,1,4,5
n14,literacy,9,10,3,1,4
n15,use,17,211,30,1,31
n16,digital,17,16,3,1,4
n17,media,17,8,1,4,5
n18,propose,17,3,1,2,3
n19,tool,17,38,11,1,12
n20,help,1,36,7,1,8
n21,teacher,15,304,54,1,55
n22,plan,9,50,9,1,10
n23,project,8,62,9,3,12
n24,activity,9,192,40,1,41
n25,optimize,9,2,0,1,1
n26,learn,9,154,27,1,28
n27,see,4,73,18,1,19
n28,table,3,31,5,1,6
n29,2,12,47,10,1,11
n30,regard,17,10,2,1,3
n31,matrix,15,2,0,1,1
n32,question,15,124,19,3,22
n33,encourage,1,18,3,1,4
n34,map,9,6,0,3,3
n35,anticipated,9,2,1,1,2
n36,group,9,56,11,1,12
n37,work,15,62,11,1,12
n38,text,3,32,5,1,6
n39,way,19,46,10,2,12
n40,constant,19,4,1,2,3
n41,emphasize,10,18,2,9,11
n42,situation,1,18,2,1,3
n43,maintained,15,2,0,1,1
n44,ibse,15,9,3,1,4
n45,five,5,3,0,2,2
n46,constitute,5,6,1,3,4
n47,ask,15,82,10,1,11
n48,investigate,15,108,18,1,19
n49,create,14,42,3,2,5
n50,discuss,9,86,12,4,16
n51,reflect,9,19,6,1,7
n52,enable,1,16,2,8,10
n53,sustained,1,4,2,2,4
n54,enriched,1,2,1,1,2
n55,range,6,10,3,5,8
n56,confined,1,2,0,1,1
n57,illustrate,1,13,3,1,4
n58,surface,11,4,0,2,2
n59,deep,11,14,2,1,3
n60,implicit,11,6,1,3,4
n61,dimension,10,14,2,1,3
n62,pedagogy,10,18,5,1,6
n63,gleaned,15,2,0,1,1
n64,observational,15,4,1,2,3
n65,data,6,72,9,1,10
n66,achieve,8,2,0,1,1
n67,authors,8,4,1,2,3
n68,present,3,22,8,1,9
n69,redacted,15,2,0,1,1
n70,research,15,16,4,1,5
n71,field,1,6,1,3,4
n72,note,1,10,2,5,7
n73,one,2,83,18,1,19
n74,case,1,14,3,1,4
n75,study,20,54,11,1,12
n76,titled,6,2,0,1,1
n77,make,6,118,18,1,19
n78,banana,15,12,0,1,1
n79,split,15,14,1,7,8
n80,describe_ption,2,39,4,3,7
n81,involve,10,12,2,6,8
n82,class,17,88,17,1,18
n83,23,3,2,0,1,1
n84,boy,3,18,4,9,13
n85,8,3,12,4,6,10
n86,9,3,7,2,3,5
n87,yearolds,3,2,1,1,2
n88,taught,10,20,2,1,3
n89,recently,9,2,0,1,1
n90,qualified,9,2,1,1,2
n91,female,9,6,2,3,5
n92,aid,15,4,0,2,2
n93,special,15,2,1,1,2
n94,resource,15,12,4,6,10
n95,spans,8,6,2,3,5
n96,three,9,61,12,1,13
n97,week,15,22,5,2,7
n98,state,16,28,8,1,9
n99,aim,14,21,3,1,4
n100,product,9,14,1,7,8
n101,audiovisual,9,2,1,1,2
n102,slide,3,4,1,1,2
n103,show,3,58,11,1,12
n104,begin,10,28,8,14,22
n105,pupils,9,18,4,1,5
n106,ingredient,8,4,1,2,3
n107,need,6,72,12,1,13
n108,review,10,4,1,2,3
n109,key,10,18,4,1,5
n110,vocabulary,12,12,1,6,7
n111,word,1,8,2,4,6
n112,cards,1,6,1,3,4
n113,follow,3,40,7,2,9
n114,phase,12,42,7,1,8
n115,recipe,9,2,0,1,1
n116,picture,3,86,10,3,13
n117,made,6,58,13,3,16
n118,assign,1,2,0,1,1
n119,role,1,24,5,1,6
n120,taker,1,2,1,1,2
n121,maker,15,2,1,1,2
n122,complete,6,8,1,1,2
n123,much,17,10,1,5,6
n124,fun,14,4,2,2,4
n125,eat,14,24,3,12,15
n126,finished,15,8,1,1,2
n127,story,3,7,1,3,4
n128,software,3,2,1,1,2
n129,process,13,62,6,1,7
n130,order,9,18,2,9,11
n131,transition,22,8,1,4,5
n132,effect,13,20,3,10,13
n133,image,17,14,4,7,11
n134,background,3,6,1,1,2
n135,music,3,4,1,1,2
n136,support,1,50,12,1,13
n137,suitable,16,16,3,3,6
n138,get,17,42,8,1,9
n139,choice,16,53,7,4,11
n140,piece,14,10,4,1,5
n141,four,10,44,8,1,9
n142,movie,7,18,1,1,2
n143,showcase,12,2,0,1,1
n144,school,12,42,9,3,12
n145,structure,11,40,6,2,8
n146,whereby,9,4,0,2,2
n147,design,2,53,10,1,11
n148,control,6,11,2,1,3
n149,conditions,15,6,0,3,3
n150,leaving,12,10,2,5,7
n151,unsupported,12,2,1,1,2
n152,ability,13,10,1,5,6
n153,draw,6,88,14,1,15
n154,upon,9,10,2,5,7
n155,manage,9,4,1,2,3
n156,instruct_guide,13,18,5,9,14
n157,natural,2,14,3,2,5
n158,impuls,8,2,0,1,1
n159,toward,8,12,2,6,8
n160,goal,9,12,1,1,2
n161,often,4,8,0,4,4
n162,guide,13,53,10,1,11
n163,classroom,9,48,9,2,11
n164,sometimes,3,14,3,7,10
n165,seek,3,2,1,1,2
n166,arouse,3,2,1,1,2
n167,interest,13,52,15,2,17
n168,times,1,4,1,2,3
n169,specify,1,4,1,2,3
n170,individual,1,8,2,4,6
n171,within,9,30,7,2,9
n172,still,1,10,0,5,5
n173,function,17,17,3,1,4
n174,model,13,57,9,2,11
n175,scaffold,1,23,3,1,4
n176,collaborative,6,16,3,8,11
n177,task,6,32,9,1,10
n178,per,17,12,0,1,1
n179,se,10,4,0,2,2
n180,final,10,10,2,5,7
n181,end,10,24,5,1,6
n182,student,6,243,48,1,49
n183,participant,15,12,0,6,6
n184,conceiving,9,2,1,1,2
n185,social,15,18,6,1,7
n186,value,20,12,3,6,9
n187,perspective,14,7,3,3,6
n188,contribute,4,4,1,2,3
n189,others,6,12,5,5,10
n190,primary,12,25,2,1,3
n191,education,13,22,3,1,4
n192,learner,2,6,0,3,3
n193,world,2,37,7,1,8
n194,opportunity,1,28,6,1,7
n195,ahead,10,2,0,1,1
n196,signature,10,4,1,1,2
n197,sharply,16,2,0,1,1
n198,define,16,8,3,4,7
n199,instead,16,2,1,1,2
n200,set,9,37,5,1,6
n201,concept,13,141,35,1,36
n202,openended,15,10,0,2,2
n203,argue,8,4,2,2,4
n204,general,13,12,1,6,7
n205,indeed,1,1,0,1,1
n206,child,1,496,97,1,98
n207,develop,13,97,15,5,20
n208,understand,13,120,27,1,28
n209,experience,1,54,7,2,9
n210,appropriate,13,10,1,5,6
n211,science,13,283,64,1,65
n212,reason,16,14,2,1,3
n213,cause,13,6,0,3,3
n214,consider,2,10,4,1,5
n215,idea,10,62,9,1,10
n216,belief,9,2,0,1,1
n217,dynamic,9,10,4,5,9
n218,potential,17,30,6,1,7
n219,improve,13,8,2,4,6
n221,conduct,15,16,2,1,3
n222,sixweek,1,2,0,1,1
n223,informal,1,4,2,2,4
n224,program,15,14,4,1,5
n225,large,9,14,4,1,5
n226,midwest,2,2,0,1,1
n227,university,2,2,1,1,2
n228,educators,2,4,1,2,3
n229,able,2,22,3,1,4
n230,focus,10,40,10,20,30
n231,specific,14,24,7,1,8
n232,aspect,13,24,4,2,6
n233,nature,13,30,5,1,6
n234,instruction,13,28,3,1,4
n235,unit,15,30,6,2,8
n236,include,8,70,13,1,14
n237,introduce,1,37,3,1,4
n238,decontextualized,9,2,0,1,1
n239,embed,13,6,1,3,4
n240,content,16,25,1,1,2
n241,contextual,9,8,2,4,6
n242,literature,15,2,0,1,1
n243,debrief,15,4,1,2,3
n244,assess,13,22,6,11,17
n245,studentdesigned,13,2,0,1,1
n246,strategy,6,20,5,10,15
n247,empirical,6,14,4,1,5
n248,creative,13,6,1,3,4
n249,tentative,13,2,1,1,2
n250,robust,13,4,1,2,3
n251,subjective,13,2,1,1,2
n252,well,11,27,4,2,6
n253,distinguish,6,8,0,1,1
n254,observation,6,113,11,1,12
n255,infer,6,76,5,1,6
n256,day,8,23,5,1,6
n257,africanamerican,6,6,2,3,5
n258,girl,6,24,5,2,7
n259,will,6,42,7,1,8
n260,different,9,83,15,1,16
n261,read,3,36,7,1,8
n262,sevenblindmice,6,2,0,1,1
n263,young1992,6,2,1,1,2
n264,journal,6,6,0,3,3
n265,cover,3,2,0,1,1
n266,whatdoyoudowithataillikethis,9,2,0,1,1
n267,jenkinspage2003,9,2,1,1,2
n268,5,14,24,4,1,5
n269,sense,6,22,2,11,13
n270,relate,18,20,4,10,14
n271,skill,13,61,10,1,11
n272,1,3,44,6,1,7
n273,scientist,16,51,6,1,7
n274,ledermanabdelkhalick1998,14,12,2,6,8
n275,dog,14,2,1,1,2
n276,among,1,12,5,1,6
n277,spot,9,4,0,2,2
n278,old,16,4,1,2,3
n279,woman,16,4,1,2,3
n280,young,1,34,5,1,6
n281,tricky,2,2,1,1,2
n282,track_trace,2,4,2,2,4
n283,ledermanabdelkhalick1998understand,6,2,0,1,1
n284,predict,6,70,9,7,16
n285,oppositecubeactivity,14,2,0,1,1
n286,drxarglesbookofearthlets,13,2,0,1,1
n287,willis2002,13,2,1,1,2
n288,cube,14,8,1,4,5
n289,think,14,68,12,5,17
n290,tubes,14,4,1,2,3
n291,dinosaur,16,4,0,2,2
n292,thedinosauralphabetbook,18,2,0,1,1
n293,pallota1990,18,2,1,1,2
n294,living,18,20,2,1,3
n295,versus,6,12,0,1,1
n296,nonliving,6,8,1,4,5
n297,sort,15,6,0,3,3
n298,common,15,10,4,1,5
n299,item,14,10,1,1,2
n300,section,6,4,1,2,3
n301,amealwormslife,6,2,0,1,1
n302,himmelman2001,6,2,1,1,2
n303,mealworm,6,6,0,3,3
n304,observe,6,86,17,1,18
n305,rework,6,2,1,1,2
n306,collect,6,50,6,1,7
n307,theextinctalphabetbook,6,2,0,1,1
n308,pallotta1993,6,2,1,1,2
n309,become,16,18,6,1,7
n310,extinct,6,2,0,1,1
n311,fossils,13,2,0,1,1
n312,playdoh,13,16,3,8,11
n313,solids,23,6,2,1,3
n314,liquid,23,8,2,1,3
n315,gases,23,6,1,3,4
n316,category_classify,9,18,3,9,12
n317,object,4,93,18,1,19
n318,batholomewandtheoobleck,9,2,0,1,1
n319,suess1949,9,2,1,1,2
n320,oobleck,9,2,1,1,2
n321,sneiderbeals2004,6,2,0,1,1
n322,change,14,26,7,13,20
n323,previous,14,24,4,1,5
n324,new,12,38,5,4,9
n325,sink,18,40,5,1,6
n326,float,18,35,4,1,5
n327,experiment,6,85,11,1,12
n328,material,10,100,13,1,14
n329,explore,1,106,20,1,21
n330,initial,13,16,3,8,11
n331,plant,6,72,12,3,15
n332,demonstrate,6,18,4,9,13
n333,basic,13,18,3,1,4
n334,variable,6,12,2,6,8
n335,grow,13,28,4,1,5
n336,figure,4,18,3,1,4
n337,flower,6,18,2,1,3
n338,light,14,8,2,4,6
n339,evidence,6,49,10,1,11
n340,type,9,26,4,1,5
n341,seed,20,54,10,1,11
n342,lima,6,12,0,1,1
n343,bean,6,12,1,1,2
n344,hydroponically,6,2,0,1,1
n345,culture,9,8,1,4,5
n346,view,12,10,2,5,7
n347,bringingtheraintokapitaplain,6,2,0,1,1
n348,aardema1992,6,2,1,1,2
n349,carver,20,2,0,1,1
n350,georgewashingtoncarver,13,2,0,1,1
n351,soil,1,4,1,2,3
n352,purpose,1,10,1,5,6
n353,peanut,6,8,0,1,1
n354,conclusion,1,24,3,1,4
n355,mcclintocks,6,2,0,1,1
n356,find,19,43,4,1,5
n357,pattern,2,14,3,1,4
n358,corn,7,10,0,1,1
n359,cobs,6,2,0,1,1
n360,based,13,8,0,4,4
n361,baseline,15,4,1,1,2
n362,across,5,14,3,1,4
n363,implement,15,22,3,1,4
n364,required,2,4,0,2,2
n365,lesson,10,110,22,1,23
n366,45minute,10,4,0,2,2
n367,90minute,20,2,0,1,1
n368,adapt,20,4,2,2,4
n369,evaluate,1,28,3,2,5
n370,eg,4,44,4,22,26
n371,hardyetal2006,4,2,1,1,2
n372,moellerjonenhardystern2002,4,2,1,1,2
n373,cognitive,1,8,0,4,4
n374,covered,1,6,0,3,3
n375,epistemic,6,12,3,6,9
n376,start,9,23,1,2,3
n377,hypothesis,16,27,7,13,20
n378,standard,15,14,2,7,9
n379,handson,9,18,3,1,4
n380,demonstrations,17,6,0,3,3
n381,provide,13,70,11,4,15
n382,box,15,18,2,1,3
n383,contained,4,2,0,1,1
n384,steel,4,2,0,1,1
n385,styrofoam,4,2,1,1,2
n386,wax,4,2,1,1,2
n387,moellerjonen2005,15,2,0,1,1
n388,worksheets,13,4,0,2,2
n389,apply,6,14,1,7,8
n390,similar,6,8,2,4,6
n391,context,8,23,4,12,16
n392,level,13,4,1,2,3
n393,repetition,6,6,2,1,3
n394,consolidation,6,2,0,1,1
n395,complex,13,8,0,4,4
n396,transfer,13,2,1,1,2
n397,detail,2,10,2,2,4
n398,manual,8,2,0,1,1
n399,prestructured,10,2,0,1,1
n400,move,2,45,9,1,10
n401,kind,10,31,6,1,7
n402,simple,17,22,3,1,4
n403,density,7,18,3,1,4
n404,relative,7,4,1,2,3
n405,water,7,146,26,1,27
n406,compare,15,26,7,1,8
n407,receiving,1,10,1,5,6
n408,two,15,44,13,1,14
n409,form,1,27,4,1,5
n410,regrouped,1,2,0,1,1
n411,longterm,1,14,4,1,5
n412,discontinuous,1,4,1,2,3
n413,whole,17,18,3,1,4
n414,year,7,62,14,1,15
n415,session,15,17,2,9,11
n416,inclass,1,4,2,1,3
n417,meeting,15,10,1,5,6
n418,outside,12,24,6,12,18
n419,throughout,10,8,1,4,5
n420,occur,13,12,1,6,7
n421,particular,13,12,5,6,11
n422,center,17,26,3,1,4
n423,experienced,15,8,0,1,1
n424,relieved,15,2,0,1,1
n425,responsibility,12,24,5,1,6
n426,colleagues,12,6,1,3,4
n427,neighbouring,12,2,1,1,2
n428,module,10,4,0,2,2
n429,coteaching,10,2,1,1,2
n430,distribute,10,6,1,3,4
n431,lending,10,2,1,1,2
n432,documents,10,4,1,1,2
n433,organise,9,14,1,1,2
n434,short,8,4,1,2,3
n435,halfday,10,4,2,2,4
n436,train,10,6,2,3,5
n437,subject,13,7,2,4,6
n438,syllabus,15,2,1,1,2
n439,mainly,12,2,0,1,1
n440,responding,12,2,1,1,2
n441,requests,17,2,0,1,1
n442,6,17,20,4,1,5
n443,crosstopic,13,2,0,1,1
n444,ie,13,16,3,8,11
n445,write,6,10,3,5,8
n446,launched,7,2,0,1,1
n447,tackle,9,2,0,1,1
n448,topic,18,62,10,4,14
n449,engage,1,82,10,1,11
n450,voluntary,15,2,0,1,1
n451,enrolled,8,2,0,1,1
n452,pilot,17,6,0,1,1
n453,trainer,15,2,0,1,1
n454,percentage,17,2,0,1,1
n455,according,2,11,3,6,9
n456,number,2,38,9,2,11
n457,m,2,4,1,2,3
n458,delclaux,2,2,1,1,2
n459,e,2,8,2,4,6
n460,saltiel152,2,2,1,1,2
n461,teacher_trainer,9,4,0,2,2
n462,necessary,10,6,0,3,3
n463,7,21,8,3,4,7
n464,result,6,39,8,3,11
n465,obtain,17,4,0,2,2
n466,sample,24,7,1,3,4
n467,framework,13,12,5,1,6
n468,4yearolds,9,2,0,1,1
n469,waiting,9,2,1,1,2
n470,fact,14,10,2,1,3
n471,bird,14,154,28,1,29
n472,survival,20,10,1,1,2
n473,depend,1,10,1,5,6
n474,environment,15,38,8,1,9
n475,habitat,14,20,0,10,10
n476,stage,1,40,5,1,6
n477,invoke,1,4,0,1,1
n478,take,17,56,16,28,44
n479,elicit,1,10,2,1,3
n480,knowledge,14,46,7,1,8
n481,determine,1,6,0,3,3
n482,misconceptions,18,10,3,5,8
n483,captivate,1,2,1,1,2
n484,attention,14,6,1,3,4
n485,motivation,1,6,1,3,4
n486,curious,1,12,2,6,8
n487,preservice,15,4,0,1,1
n488,studychild,14,50,9,2,11
n489,bug,14,6,2,3,5
n490,sheep,14,4,1,1,2
n491,open,2,18,2,1,3
n492,reveal,14,6,0,1,1
n493,taxidermy,8,4,0,1,1
n494,mount,8,4,1,2,3
n495,immediately,4,4,0,2,2
n496,reacted,4,2,1,1,2
n497,say,11,38,8,1,9
n498,real,2,50,9,1,10
n499,bring,14,24,1,12,13
n500,color,14,38,7,1,8
n501,live_habitat,14,34,4,1,5
n502,engrossed,22,2,0,1,1
n503,feeling,22,6,3,3,6
n504,pet,19,4,0,2,2
n505,alive,14,6,2,3,5
n506,replied,14,2,0,1,1
n507,nest,14,94,14,1,15
n508,trees,2,28,5,1,6
n509,built,14,42,7,1,8
n510,feel,22,4,0,2,2
n511,smooth,22,4,2,2,4
n512,rough,22,2,1,1,2
n513,soft,22,6,1,1,2
n514,hard,22,6,1,3,4
n515,next,12,18,5,1,6
n516,announced,12,2,0,1,1
n517,today,12,6,3,3,6
n518,going,12,20,2,10,12
n519,eventually,14,8,2,4,6
n520,like,14,26,1,1,2
n521,playground,12,22,4,11,15
n522,5e,13,11,1,1,2
n523,thought,6,26,2,1,3
n524,inside,4,16,6,8,14
n525,respond,15,6,0,3,3
n526,possible,6,26,7,1,8
n527,imagination,1,16,2,1,3
n528,display,8,12,3,6,9
n529,front,7,6,2,3,5
n530,promptly,2,4,0,2,2
n531,leadto,13,8,0,4,4
n532,thing,18,44,9,22,31
n533,however,1,22,6,1,7
n534,recognized,2,4,1,2,3
n535,ornithologist,14,4,0,2,2
n536,important,5,16,3,1,4
n537,prepare,9,4,0,2,2
n538,system,2,14,4,7,11
n539,organisms,18,6,0,3,3
n540,biology,20,12,2,6,8
n541,conversation,14,10,1,5,6
n542,misconception,14,2,1,1,2
n543,lay,14,4,0,1,1
n544,egg,14,36,8,3,11
n545,hatch,14,6,2,3,5
n546,formed,4,4,0,2,2
n547,many,4,26,7,1,8
n548,occasions,14,4,0,2,2
n549,watch,14,8,3,4,7
n550,behavior,10,47,8,1,9
n551,event,8,10,3,1,4
n552,typical,17,12,3,6,9
n553,reach,1,6,0,3,3
n554,perhaps,6,2,0,1,1
n555,size,4,12,2,6,8
n556,now,14,42,8,2,10
n557,discover,12,14,5,1,6
n558,facilitate,1,14,5,7,12
n559,interaction,12,36,9,1,10
n560,cooperatively,22,2,0,1,1
n561,along,22,4,2,2,4
n562,peers,22,8,2,4,6
n563,advance,22,6,2,3,5
n564,hallmark,13,2,0,1,1
n565,give,1,37,4,1,5
n566,chance,16,4,0,2,2
n567,test,16,45,10,1,11
n568,go,12,24,3,1,4
n569,walk,14,14,3,7,10
n570,around,12,30,6,2,8
n571,forest,13,4,0,1,1
n572,area,13,22,5,1,6
n573,look,14,44,9,1,10
n574,feeder,1,10,0,5,5
n575,worms,15,2,0,1,1
n576,hunt,12,8,1,4,5
n577,first,12,42,8,1,9
n578,anything,14,2,1,1,2
n579,might,14,34,8,1,9
n580,play,1,83,13,1,14
n581,let,17,18,1,1,2
n582,share,6,22,6,1,7
n583,hear,3,6,2,3,5
n584,cautions,1,2,0,1,1
n585,listen,3,8,1,4,5
n586,point,1,26,4,1,5
n587,space,2,18,3,9,12
n588,location,14,12,3,6,9
n589,put,14,26,6,1,7
n590,found,14,20,3,10,13
n591,tree,14,4,1,1,2
n592,bark,14,8,2,4,6
n593,motioned,3,4,0,2,2
n594,guys,2,2,0,1,1
n595,easy,14,2,0,1,1
n596,food,14,20,4,10,14
n597,examine,4,14,2,7,9
n598,near,1,8,4,4,8
n599,felt,1,8,1,4,5
n600,mature,2,2,0,1,1
n601,premises,1,2,0,1,1
n602,kindergartener,1,18,5,9,14
n603,walks,1,2,0,1,1
n604,objective,10,8,1,1,2
n605,mission,1,2,0,1,1
n606,gibson1979,13,2,0,1,1
n607,afford,2,4,1,2,3
n608,awareness,8,10,2,5,7
n609,significant,1,6,2,3,5
n610,landscape,2,2,0,1,1
n611,canopy,2,2,1,1,2
n612,grounded,20,8,1,4,5
n613,contrast,20,8,2,4,6
n614,refer,14,4,1,2,3
n615,intuition,15,10,3,5,8
n616,topography,14,2,0,1,1
n617,slopes,14,2,0,1,1
n618,rock,14,39,13,1,14
n619,logs,2,2,0,1,1
n620,motor,13,4,0,2,2
n621,even,6,16,2,8,10
n622,physical,2,16,1,1,2
n623,challenge,1,28,5,1,6
n624,fjørtoft2001,13,2,0,1,1
n625,excited,16,2,1,1,2
n626,leadership,17,6,1,3,4
n627,tactile,1,2,1,1,2
n628,acquire,22,6,0,3,3
n629,explanation,14,30,3,1,4
n630,congregated,9,2,0,1,1
n631,exposed,1,2,0,1,1
n632,validate,1,2,0,1,1
n633,naive,21,4,1,2,3
n634,theory,21,4,1,2,3
n635,correct,15,10,3,1,4
n636,extend,1,16,3,8,11
n637,connect,17,14,3,7,10
n638,explain,6,42,6,1,7
n639,phenomenon,1,20,3,1,4
n640,teach,13,8,2,4,6
n641,term,17,14,2,1,3
n642,baby,14,14,3,1,4
n643,home,19,16,5,8,13
n644,berries,14,2,0,1,1
n645,mother,15,2,1,1,2
n646,plastic,14,18,4,1,5
n647,bag,1,4,1,2,3
n648,safety,1,6,2,3,5
n649,rules,10,6,2,3,5
n650,grab,14,4,1,2,3
n651,sticks,14,12,1,6,7
n652,lots,14,4,1,2,3
n653,chick,1,8,3,4,7
n654,insight,1,2,0,1,1
n655,adult,1,20,6,10,16
n656,establish,8,4,0,2,2
n657,realm,2,2,0,1,1
n658,meaning,12,10,4,5,9
n659,ordinary,12,4,1,2,3
n660,variety,10,18,3,1,4
n661,plausible,14,4,0,2,2
n662,probable,2,6,0,3,3
n663,elaborate,1,8,1,1,2
n664,allow,1,18,3,9,12
n665,expand,9,4,1,2,3
n666,persistent,18,2,1,1,2
n667,mitigate,18,2,0,1,1
n668,clarification,18,4,1,2,3
n669,address,9,12,1,6,7
n670,independent,1,6,2,3,5
n671,paper,14,14,3,1,4
n672,cutout,14,8,1,4,5
n673,enough,10,4,1,2,3
n674,leaves,14,8,2,4,6
n675,scenario,5,4,0,2,2
n676,free,1,10,2,1,3
n677,gather,6,10,1,1,2
n678,us,13,13,3,7,10
n679,try,17,26,7,1,8
n680,pink,3,6,1,3,4
n681,auh,14,4,0,1,1
n682,backyards,19,2,0,1,1
n683,modify,15,10,1,1,2
n684,early,7,34,8,1,9
n685,childhood,9,4,0,2,2
n686,programmes,9,2,1,1,2
n687,accommodate,9,4,1,2,3
n688,wide,10,2,0,1,1
n689,least,2,12,2,1,3
n690,obviously,3,3,1,2,3
n691,camouflage,5,2,0,1,1
n692,rather,5,8,2,4,6
n693,favourite,14,2,0,1,1
n694,exclaimed,4,2,1,1,2
n695,enhance,13,4,1,2,3
n696,reciprocated,1,2,0,1,1
n697,express,8,14,3,7,10
n698,formal,22,4,2,2,4
n699,informally,22,2,1,1,2
n700,authentic,13,4,1,2,3
n701,progression,9,12,2,6,8
n702,outcome,1,2,0,1,1
n703,information,15,18,3,9,12
n704,classmates,6,2,1,1,2
n705,oh,14,6,1,3,4
n706,want,8,24,3,3,6
n707,fill,14,8,0,1,1
n708,sleeping,14,2,0,1,1
n709,hungry,14,4,1,2,3
n710,hey,10,2,0,1,1
n711,friend,10,6,1,3,4
n712,rubric,1,2,0,1,1
n713,whether,1,12,4,1,5
n714,characteristic,14,10,0,5,5
n715,construct,8,24,5,12,17
n716,intended,17,6,0,3,3
n717,rationalize,6,2,0,1,1
n718,realize,10,2,0,1,1
n719,diversity,10,6,1,3,4
n720,mode,1,2,0,1,1
n721,fed,2,4,0,2,2
n722,birdseed,2,2,1,1,2
n723,fleer2011,2,3,1,1,2
n724,jockey,1,2,0,1,1
n725,riding,1,2,1,1,2
n726,horse,1,2,1,1,2
n727,enactment,1,11,1,5,6
n728,outdoor,9,24,5,1,6
n729,congruent,1,2,0,1,1
n730,know,8,38,8,1,9
n731,documenting,19,4,0,2,2
n732,associate,10,10,3,5,8
n733,analyse,6,33,9,1,10
n734,culturalhistorical,14,2,0,1,1
n735,rise,2,2,0,1,1
n736,concrete,2,6,1,3,4
n737,comprise,10,2,0,1,1
n738,principle,2,16,3,1,4
n739,holistic,2,2,0,1,1
n740,mental,2,4,2,2,4
n741,ascending,2,2,1,1,2
n742,ascertain,2,2,1,1,2
n743,consecutive,15,2,0,1,1
n744,study_teacher,15,30,6,2,8
n745,kindergarten,6,22,5,1,6
n746,60minute,15,2,0,1,1
n747,pairs,15,11,2,1,3
n748,duration,10,4,2,2,4
n749,together,2,7,1,3,4
n750,subsequent,15,6,1,3,4
n751,student’,9,2,0,1,1
n752,weekly,24,2,1,1,2
n753,bscs2006,17,2,0,1,1
n754,place,10,14,4,7,11
n755,various,13,8,0,4,4
n756,art,13,12,3,1,4
n757,cameras,15,2,0,1,1
n758,season,9,4,1,2,3
n759,serve,1,4,0,2,2
n760,representation,6,12,3,6,9
n761,ainsworthetal2011,6,2,0,1,1
n762,formative,12,2,1,1,2
n763,capture,13,6,1,3,4
n764,communicate,15,26,6,3,9
n765,promote,1,12,3,6,9
n766,recall,7,18,2,1,3
n767,activate,12,2,0,1,1
n768,schema,12,2,1,1,2
n769,increase,12,12,3,1,4
n770,selfexpression,4,2,0,1,1
n771,efficacy,4,2,1,1,2
n772,prompt,4,4,2,2,4
n776,recommend,7,1,0,1,1
n777,drive,8,8,0,1,1
n778,identify,2,18,2,1,3
n779,answer,15,16,3,8,11
n780,equipment,17,8,2,4,6
n781,logical,1,2,0,1,1
n782,nsta2004,6,1,1,0,1
n783,utilize,12,6,0,3,3
n784,chambers1983,12,2,1,1,2
n785,means,1,8,3,1,4
n786,stereotypes,1,2,0,1,1
n787,age,1,26,4,1,5
n788,511,7,2,0,1,1
n789,since,21,10,1,1,2
n790,numerous,20,2,0,1,1
n791,international,20,2,1,1,2
n792,brosnan1999,6,2,0,1,1
n793,maoldomhnaighhunt1989,6,2,1,1,2
n794,parsons1997,6,2,1,1,2
n795,songandkim1999,6,2,1,1,2
n796,presence,13,2,0,1,1
n797,gender,13,2,1,1,2
n798,cartoon,3,6,1,3,4
n799,captions,3,1,1,0,1
n800,incorporate,1,5,2,3,5
n801,clay,15,2,0,1,1
n803,directown,1,2,0,1,1
n804,appreciate,16,2,1,1,2
n805,strength,16,4,1,2,3
n806,approach,10,16,7,7,14
n807,newton,5,3,1,2,3
n808,force,5,68,17,1,18
n809,motionphysics,5,22,3,3,6
n810,series,5,6,0,3,3
n811,augmented,2,12,2,1,3
n812,heart,8,1,0,1,1
n813,motioncapture,6,2,0,1,1
n814,technology,6,14,5,1,6
n815,leverage,9,4,0,2,2
n816,exist,1,8,2,4,6
n817,competence,1,6,2,1,3
n818,symbol,5,12,4,1,5
n819,motion,11,8,1,4,5
n820,displays,8,2,0,1,1
n821,computer,8,16,5,1,6
n822,generate,16,16,2,1,3
n823,sound,13,10,4,5,9
n824,video,17,8,3,4,7
n825,top,12,6,2,3,5
n826,lpp,6,15,2,3,5
n827,curriculum,10,72,15,1,16
n828,broad,20,8,1,4,5
n829,target,13,8,1,1,2
n830,relation,5,12,5,1,6
n831,speed,5,10,0,5,5
n832,continue,13,12,2,6,8
n833,inertia,5,2,1,1,2
n834,impulse,5,2,1,1,2
n835,second,17,18,2,9,11
n836,quantifying,5,2,1,1,2
n837,application,19,4,2,2,4
n838,multiple,12,8,2,4,6
n839,net,5,10,2,1,3
n840,third,9,10,3,5,8
n841,friction,5,4,1,2,3
n842,correspond,9,8,1,4,5
n843,stumbling,18,2,0,1,1
n844,block,18,14,2,1,3
n846,summarize,6,7,1,1,2
n847,translate,6,6,2,1,3
n848,physics,20,28,4,3,7
n849,animation,8,4,1,1,2
n850,combine,8,6,1,1,2
n851,marked,5,4,1,1,2
n852,embodied,6,14,2,1,3
n853,game,1,8,1,1,2
n854,68,7,6,1,1,2
n855,interrogate,13,4,0,1,1
n856,roseberyetal2005,1,2,0,1,1
n857,success,13,4,0,2,2
n858,example,13,32,5,17,22
n859,influence,5,4,0,2,2
n860,ball,6,30,6,1,7
n861,team,16,10,2,5,7
n862,decision,16,18,2,2,4
n863,stop,10,4,1,2,3
n864,direction,5,8,2,4,6
n865,last,5,6,1,3,4
n866,expected,6,10,0,5,5
n867,holding,15,6,1,3,4
n868,small,14,10,3,5,8
n869,opposite,5,2,0,1,1
n870,reverse,5,2,0,1,1
n871,slow,5,4,2,2,4
n872,study_child,7,38,5,2,7
n873,walking,5,2,0,1,1
n874,rug,5,4,1,2,3
n875,wearing,5,2,1,1,2
n876,hat,16,2,0,1,1
n877,call,16,10,1,5,6
n878,public,6,6,1,3,4
n879,perform,6,2,1,1,2
n880,responded,5,4,1,2,3
n881,encountered,3,4,1,2,3
n882,cardboard,5,4,2,2,4
n883,floor,9,4,2,2,4
n884,represented,9,4,1,2,3
n885,time,17,28,8,2,10
n886,projected,6,2,0,1,1
n887,microworld,16,4,0,2,2
n888,whiteboard,2,2,0,1,1
n889,mimicking,2,2,1,1,2
n890,passed,5,2,0,1,1
n891,arrows,22,2,0,1,1
n892,vocally,10,2,1,1,2
n893,agreed,19,6,1,3,4
n894,right,5,8,3,4,7
n895,amount,11,8,2,4,6
n896,comment,9,4,2,1,3
n897,invite,1,6,0,1,1
n898,debating,7,2,1,1,2
n899,soliciting,10,2,1,1,2
n900,impact,9,4,2,2,4
n901,idiosyncratic,10,2,0,1,1
n902,simulation,14,14,3,7,10
n903,mirrored,16,2,1,1,2
n904,represent,15,14,4,7,11
n905,already,1,6,1,3,4
n906,laid,1,4,2,2,4
n907,part,9,10,4,5,9
n908,operate,2,4,1,2,3
n909,engine,20,4,1,2,3
n910,back,3,4,2,2,4
n911,press,24,4,2,2,4
n912,button,24,2,1,1,2
n913,run,24,2,1,1,2
n914,happen,17,32,5,1,6
n915,ultimately,6,2,0,1,1
n916,surprise,8,2,1,1,2
n917,match,8,2,0,1,1
n918,ensuing,9,4,2,2,4
n919,explicit,13,14,3,7,10
n920,majority,13,2,1,1,2
n921,transform,10,6,1,3,4
n922,norm,5,2,0,1,1
n923,manner,5,2,1,1,2
n924,refine,13,2,0,1,1
n925,danish2009,13,2,0,1,1
n926,dramatic,6,2,0,1,1
n927,skits,6,2,1,1,2
n928,enact,10,4,0,2,2
n929,body,9,6,3,3,6
n930,position,8,8,1,4,5
n931,collective,9,2,1,1,2
n932,colella2000,10,2,1,1,2
n933,shift,10,4,1,2,3
n934,desired,9,2,1,1,2
n935,affect,6,10,2,5,7
n936,accompanied,17,4,1,2,3
n937,devaluating,10,2,0,1,1
n938,underlie,10,6,1,3,4
n939,roseberyetal,1,2,0,1,1
n940,2005,1,2,1,1,2
n941,proof,13,2,0,1,1
n942,trajectory,13,2,0,1,1
n943,foot,5,2,1,1,2
n944,complexity,13,4,0,2,2
n945,ambitious,13,2,0,1,1
n946,generative,13,2,1,1,2
n947,pre,6,2,1,1,2
n948,posttest,6,2,1,1,2
n949,believe,3,4,1,2,3
n950,limit,4,4,1,2,3
n951,memorization,4,2,1,1,2
n952,unstructured,1,2,0,1,1
n953,just,14,16,3,8,11
n954,future,15,2,0,1,1
n955,unpack,13,2,0,1,1
n956,depth,13,2,1,1,2
n957,verbal,15,2,0,1,1
n958,concern,9,6,0,3,3
n959,especially,9,2,0,1,1
n960,tablet,8,4,1,2,3
n961,gd,7,2,0,1,1
n962,stimulate,7,16,3,1,4
n963,sr,9,2,0,1,1
n964,slowmation,7,12,1,1,2
n965,ps,6,2,0,1,1
n966,without,13,18,4,9,13
n967,timelapse,7,18,4,1,5
n969,interviewing,16,2,1,1,2
n970,everyday,4,14,2,1,3
n971,repeat,21,10,1,1,2
n972,drink,14,4,1,2,3
n973,snow,7,4,1,2,3
n974,melting,7,8,1,4,5
n975,etc,4,16,7,8,15
n976,mentioned,4,2,1,1,2
n977,clear,14,10,2,5,7
n978,evaporating,7,16,2,1,3
n979,amanda,7,8,1,1,2
n980,student_child,7,6,1,1,2
n981,35,7,6,1,1,2
n982,ice,14,10,2,1,3
n983,plates,11,2,0,1,1
n984,room,11,6,1,1,2
n985,temperature,11,10,3,5,8
n986,degree,3,8,3,4,7
n987,celcius,3,2,1,1,2
n988,drying,3,2,1,1,2
n989,cabinet,3,2,1,1,2
n990,johanna,14,8,1,1,2
n991,frozen,14,2,1,1,2
n992,thinking,13,6,1,3,4
n993,boil,7,14,1,1,2
n994,kettle,7,4,0,1,1
n995,glass,7,18,3,1,4
n996,lid,7,6,0,3,3
n997,performed,7,12,1,1,2
n998,bowl,7,14,2,1,3
n999,b,11,32,9,2,11
n1000,3,16,20,4,1,5
n1001,produced,10,10,0,1,1
n1002,4,7,20,3,1,4
n1004,electric,8,10,3,5,8
n1005,essential,13,12,3,6,9
n1006,spain,12,2,0,1,1
n1007,denominated,18,4,1,2,3
n1008,matter,18,8,3,4,7
n1009,energy,17,60,7,1,8
n1010,p19370to,8,2,1,1,2
n1011,laws,1,2,0,1,1
n1012,governing,1,2,1,1,2
n1013,transmission,8,2,0,1,1
n1014,current,15,5,2,3,5
n1015,machines,6,2,0,1,1
n1016,p19371,6,2,1,1,2
n1017,circuit,8,2,1,1,2
n1018,insulating,10,2,0,1,1
n1019,interpret,6,10,2,5,7
n1020,formulate,16,4,0,2,2
n1021,orient,16,4,2,2,4
n1022,preestablishing,6,2,0,1,1
n1023,procedure,3,6,0,3,3
n1024,pose,15,4,1,2,3
n1025,focal,20,2,0,1,1
n1026,domain,20,8,3,1,4
n1027,fsl,14,12,0,6,6
n1028,directly,1,4,1,2,3
n1029,action,9,8,1,4,5
n1030,iterative,15,2,0,1,1
n1031,cycles,15,2,1,1,2
n1032,relatively,8,4,0,2,2
n1033,ready,7,8,0,1,1
n1034,available,7,8,1,4,5
n1035,ramps,18,6,1,3,4
n1036,toy,4,28,7,14,21
n1037,cars,18,2,1,1,2
n1038,balls,18,10,3,1,4
n1039,big,10,18,1,1,2
n1040,properties,18,16,4,8,12
n1041,gravity,17,12,4,1,5
n1042,pressure,11,4,1,2,3
n1043,air,11,8,4,4,8
n1044,buoyancy,5,4,1,2,3
n1045,momentum,5,2,1,1,2
n1046,pck,13,4,1,2,3
n1047,family,21,12,2,6,8
n1048,sub,18,8,2,1,3
n1049,flow,18,8,0,1,1
n1050,incline,20,4,1,2,3
n1051,relevance,9,14,2,7,9
n1052,sinks,7,4,0,1,1
n1053,floats,7,4,1,1,2
n1054,weight,4,16,4,1,5
n1055,volume,4,8,3,4,7
n1056,changing,4,4,2,2,4
n1057,total,4,9,1,5,6
n1058,penny,23,8,2,4,6
n1059,shape,4,22,5,11,16
n1060,hence,1,2,0,1,1
n1061,capable,9,2,0,1,1
n1062,relational,13,2,0,1,1
n1063,abstract,12,4,1,2,3
n1064,precursor,13,2,0,1,1
n1065,sizevolume,9,2,0,1,1
n1066,smithwiserandersonkrajcik2006,11,2,0,1,1
n1067,accessible,13,2,0,1,1
n1068,observable,1,2,1,1,2
n1069,foundation,13,2,0,1,1
n1070,later,17,14,4,7,11
n1071,additionfsl,13,2,0,1,1
n1072,heavybig,18,2,0,1,1
n1073,lightsmall,18,2,0,1,1
n1074,vice,8,2,0,1,1
n1075,versa,8,2,1,1,2
n1076,helping,1,2,0,1,1
n1077,notice,3,9,4,4,8
n1078,handling,11,2,1,1,2
n1079,nonheavy,11,2,1,1,2
n1080,heavy,11,8,2,4,6
n1081,assignments,18,7,0,1,1
n1082,course,15,6,1,3,4
n1083,require,15,2,1,1,2
n1084,assignment,18,4,1,2,3
n1085,13,18,6,1,3,4
n1086,eer,19,2,0,1,1
n1087,integrate,13,16,5,1,6
n1088,talk,9,22,5,1,6
n1089,tips,13,2,0,1,1
n1090,talks,12,2,0,1,1
n1091,record,6,38,9,1,10
n1092,child’s,1,2,0,1,1
n1093,references,3,2,0,1,1
n1094,dap,13,1,0,1,1
n1095,discipline,13,4,1,2,3
n1096,mathematical,13,30,7,1,8
n1097,copplebredekamp2009,18,2,0,1,1
n1098,tu2006,18,2,1,1,2
n1099,twostep,18,2,1,1,2
n1100,random,18,6,2,3,5
n1101,ladybug,12,8,3,4,7
n1102,adventure,12,2,1,1,2
n1103,rail,12,2,1,1,2
n1104,finger,14,2,0,1,1
n1105,mulch,14,4,1,2,3
n1106,goodness,14,2,1,1,2
n1107,30minute,9,2,0,1,1
n1108,crawl,12,2,1,1,2
n1109,arms,12,2,1,1,2
n1110,turns,4,2,1,1,2
n1111,fly,4,4,2,2,4
n1112,away,4,4,2,2,4
n1113,threestep,12,2,0,1,1
n1114,actual,12,8,3,4,7
n1115,dug,12,2,1,1,2
n1116,hand,18,4,0,2,2
n1117,keep,23,6,2,3,5
n1118,cubby,9,2,0,1,1
n1119,clean,8,4,1,2,3
n1120,dirty,14,4,1,1,2
n1121,cold,14,6,2,3,5
n1122,warm,14,2,1,1,2
n1123,face,14,2,0,1,1
n1124,spur,16,2,1,1,2
n1125,moment,16,6,1,3,4
n1126,fourstep,12,2,0,1,1
n1127,hole,11,20,4,1,5
n1128,ground,17,10,1,5,6
n1129,yesterday,3,2,1,1,2
n1130,ant,14,20,4,1,5
n1131,little,12,10,2,5,7
n1132,orange,7,2,1,1,2
n1133,sand,7,6,2,3,5
n1134,dirt,12,2,0,1,1
n1135,house,14,2,1,1,2
n1136,animal,10,33,5,1,6
n1137,mole,11,4,0,2,2
n1138,naming,9,2,0,1,1
n1139,rabbits,3,2,0,1,1
n1140,fivestep,17,2,0,1,1
n1141,dig,17,2,1,1,2
n1142,everything,17,8,2,4,6
n1143,every,8,16,5,2,7
n1144,porch,12,2,1,1,2
n1145,lined,12,2,1,1,2
n1146,workers,15,2,1,1,2
n1147,sequence,12,8,0,4,4
n1148,t,17,2,1,1,2
n1149,report,6,13,1,6,7
n1150,highlight,6,2,1,1,2
n1151,full,11,8,2,4,6
n1152,circle,17,4,1,2,3
n1153,sufficient,1,2,0,1,1
n1154,gain,13,12,2,6,8
n1155,six,10,5,0,3,3
n1156,footprints,12,10,0,5,5
n1157,fur,12,8,1,4,5
n1158,paw,9,6,2,1,3
n1159,fingerprint,7,10,1,5,6
n1160,bear,12,24,5,2,7
n1161,teddy,12,6,1,1,2
n1162,picnic,12,5,1,2,3
n1163,trace,12,5,2,2,4
n1164,hair,12,6,2,3,5
n1165,gloves,1,6,2,3,5
n1166,tongs,1,2,1,1,2
n1167,snaplock,1,2,1,1,2
n1168,honey,9,2,0,1,1
n1169,behind,12,2,1,1,2
n1170,c,11,26,4,1,5
n1171,d,1,6,1,3,4
n1172,feature,13,4,2,2,4
n1173,human,13,6,2,3,5
n1174,parts,9,4,0,2,2
n1175,contact,12,2,0,1,1
n1176,priority,13,2,0,1,1
n1177,forefront,17,2,1,1,2
n1178,daily,19,2,0,1,1
n1179,life,19,30,8,1,9
n1180,immediate,1,2,0,1,1
n1181,surround,1,2,1,1,2
n1182,mne2013,15,2,1,1,2
n1183,universal,20,2,1,1,2
n1184,account,21,4,1,2,3
n1186,cepnietal2006,2,2,1,1,2
n1187,divided,9,4,0,2,2
n1188,birth,21,4,1,2,3
n1189,frequent,21,8,1,4,5
n1190,estimation,9,2,0,1,1
n1191,measurement,6,36,6,5,11
n1192,problemsolving,13,8,2,4,6
n1193,howejones1998,16,2,0,1,1
n1194,check,14,6,0,3,3
n1195,period,2,4,2,2,4
n1196,lind2000,2,2,1,1,2
n1197,kefietal2013,2,2,1,1,2
n1198,met,8,2,0,1,1
n1199,select,15,12,1,1,2
n1200,didactical,10,2,0,1,1
n1201,magnetism,11,2,1,1,2
n1202,dissolving,7,2,1,1,2
n1203,evaporate,11,4,1,2,3
n1204,rain,11,38,12,3,15
n1205,rainbows,18,2,1,1,2
n1206,plus,18,2,0,1,1
n1207,earth,13,16,5,2,7
n1208,moon,1,2,0,1,1
n1209,sun,1,2,1,1,2
n1210,night,8,4,1,2,3
n1211,dealt,10,2,1,1,2
n1212,outer,20,2,1,1,2
n1213,treated,3,2,1,1,2
n1214,namely,15,2,0,1,1
n1215,reads,3,4,0,1,1
n1216,bathtub,15,2,0,1,1
n1217,empty,15,6,1,3,4
n1218,bucket,15,6,1,3,4
n1219,push,11,4,0,2,2
n1220,downwards,11,2,1,1,2
n1221,jackets,1,2,0,1,1
n1222,reaction,2,2,0,1,1
n1223,indicate,2,4,2,2,4
n1224,transported,2,2,1,1,2
n1226,carry,9,5,0,2,2
n1227,precluded,6,2,0,1,1
n1228,mere,1,2,0,1,1
n1229,guesses,1,4,1,2,3
n1230,furthermore,13,2,0,1,1
n1231,proving,5,2,0,1,1
n1232,wrong,5,2,1,1,2
n1233,linked,16,4,0,2,2
n1234,ones,8,10,0,1,1
n1235,alternative,10,4,0,1,1
n1236,accepted,13,2,1,1,2
n1237,anthropomorphic,10,4,0,1,1
n1239,code,13,3,0,2,2
n1240,scheme,13,2,1,1,2
n1241,frequency,2,8,2,4,6
n1242,count,2,12,2,1,3
n1243,french2004,16,2,0,1,1
n1244,mcclain2014,16,2,1,1,2
n1245,vandermaaspeelermcclain2016,16,2,1,1,2
n1246,parsed,13,2,0,1,1
n1247,chisquared,6,2,0,1,1
n1248,fisherfreemanhalton,16,2,0,1,1
n1249,exact,16,2,1,1,2
n1250,fet,17,2,0,1,1
n1251,low,24,6,3,3,6
n1252,column,3,2,0,1,1
n1254,foster,9,6,1,3,4
n1255,community,9,6,2,3,5
n1256,parents,1,2,0,1,1
n1257,involvement,1,4,1,2,3
n1260,coconstruct,12,2,1,1,2
n1261,inquisitiveness,1,2,0,1,1
n1262,garden,8,6,1,1,2
n1263,paint,21,27,4,13,17
n1264,wood,24,6,1,3,4
n1265,sculptures,24,1,1,0,1
n1266,language,13,6,0,1,1
n1270,surfacetension,7,1,0,1,1
n1271,folds,15,3,0,1,1
n1272,faults,15,3,1,1,2
n1273,layer,13,13,3,1,4
n1274,crust,13,6,1,3,4
n1275,crosscut,13,2,1,1,2
n1276,23yearold,6,2,0,1,1
n1277,highest,9,2,1,1,2
n1278,score,13,2,1,1,2
n1279,46,7,4,0,2,2
n1280,21,6,4,0,2,2
n1281,1stgrade,6,6,2,3,5
n1282,urban,3,2,1,1,2
n1283,foldsfaults1996,7,2,0,1,1
n1284,came,7,6,2,3,5
n1285,internet,15,8,1,4,5
n1286,kwl,6,2,0,1,1
n1287,chart,6,2,1,1,2
n1288,brainstormed,6,2,0,1,1
n1289,told,1,2,0,1,1
n1290,earthlinks,18,2,0,1,1
n1291,staff,18,6,3,3,6
n1292,flattened,10,2,0,1,1
n1293,stacked,15,2,1,1,2
n1294,vertically,15,2,1,1,2
n1295,sliced,4,2,0,1,1
n1296,crosssections,4,2,1,1,2
n1297,compress,4,8,2,4,6
n1298,40yearold,3,2,0,1,1
n1299,white,3,8,3,1,4
n1300,decline,13,2,0,1,1
n1301,stir,2,2,1,1,2
n1302,27,2,2,1,1,2
n1303,moderate,2,2,1,1,2
n1304,2ndgrade,17,4,0,1,1
n1305,11,3,4,0,2,2
n1306,10,3,4,2,2,4
n1307,asian,3,2,0,1,1
n1308,19,3,4,2,2,4
n1309,suburban,12,2,0,1,1
n1310,district,13,2,0,1,1
n1311,ies2001,7,2,1,1,2
n1312,tension,11,2,1,1,2
n1313,boat,23,4,1,1,2
n1314,ride,23,4,1,2,3
n1315,nickel,23,4,1,2,3
n1316,drop,23,8,1,4,5
n1317,spill,23,6,1,3,4
n1318,tub,7,12,3,1,4
n1319,soap,1,2,0,1,1
n1320,released,1,2,1,1,2
n1321,causing,14,2,0,1,1
n1322,forward,5,6,1,3,4
n1323,eyedropper,14,2,0,1,1
n1324,ran,9,2,0,1,1
n1325,dropped,23,2,0,1,1
n1326,tallying,13,2,1,1,2
n1327,episodes,3,4,0,2,2
n1328,another,13,8,0,4,4
n1329,differentiate,6,6,0,1,1
n1330,exemplarity,13,2,0,1,1
n1331,core,13,8,2,4,6
n1332,method,13,2,0,1,1
n1333,compatibility,13,2,0,1,1
n1334,several,4,15,6,2,8
n1335,close,6,12,2,6,8
n1336,consist,17,18,4,9,13
n1337,stations,7,6,0,3,3
n1338,presumed,2,2,1,1,2
n1339,respect,6,4,1,2,3
n1340,restructuring,8,4,0,2,2
n1341,personal,9,4,1,2,3
n1342,health,2,2,0,1,1
n1343,colonies,16,2,0,1,1
n1344,spring,10,3,0,2,2
n1345,sit,21,4,1,2,3
n1346,touched,13,2,0,1,1
n1347,varying,2,4,0,2,2
n1348,distances,2,2,1,1,2
n1349,resonant,4,2,1,1,2
n1350,lloydgray2014,4,2,1,1,2
n1351,always,19,8,1,4,5
n1352,discreetly,19,2,1,1,2
n1353,requisite,10,2,0,1,1
n1354,emerge,6,12,3,6,9
n1355,stating,14,4,0,2,2
n1356,bi,14,2,1,1,2
n1357,attribute,5,4,0,2,2
n1358,clipboards,14,2,1,1,2
n1359,prominent,13,1,0,1,1
n1360,theme,13,10,2,5,7
n1361,sentiment,6,2,0,1,1
n1362,encapsulated,1,2,1,1,2
n1363,subthemes,1,2,1,1,2
n1364,32,4,2,1,1,2
n1365,klipspringer,4,2,1,1,2
n1366,bearded,4,2,1,1,2
n1367,dragon,4,2,1,1,2
n1368,vulture,4,2,1,1,2
n1369,succulent,4,2,1,1,2
n1370,venus,4,2,0,1,1
n1371,trap,4,2,1,1,2
n1372,cactus,4,2,1,1,2
n1373,immobile,4,2,1,1,2
n1374,artifact,4,6,2,1,3
n1375,handoperated,4,2,1,1,2
n1376,beater,17,2,0,1,1
n1377,antique,17,2,1,1,2
n1378,garlic,24,2,1,1,2
n1379,mobile,4,2,1,1,2
n1380,mechanical,4,4,2,1,3
n1381,newtons,4,2,1,1,2
n1382,cradle,4,2,1,1,2
n1383,eight,4,2,1,1,2
n1384,employ,2,4,1,2,3
n1385,warmup,12,2,0,1,1
n1386,4s,17,2,1,1,2
n1387,realtime,17,2,1,1,2
n1388,clip,4,4,2,2,4
n1389,laptop,9,2,1,1,2
n1390,photosynthesis,1,2,1,1,2
n1391,prepping,17,2,0,1,1
n1392,likeaffect,3,8,2,4,6
n1393,removed,13,2,0,1,1
n1394,expectation,13,2,1,1,2
n1395,expert,14,2,0,1,1
n1396,thorough,14,2,1,1,2
n1397,base,15,2,0,1,1
n1398,yet,15,2,1,1,2
n1399,ensured,15,2,1,1,2
n1400,assist,15,6,1,3,4
n1401,gloop,9,2,0,1,1
n1402,flour,7,8,1,4,5
n1403,watched,1,2,0,1,1
n1404,aprons,1,2,0,1,1
n1405,chairs,1,2,1,1,2
n1406,access,15,2,0,1,1
n1407,mixing,21,12,1,1,2
n1408,inviting,1,2,0,1,1
n1409,join,1,2,0,1,1
n1410,intwo,1,2,1,1,2
n1412,risk,17,3,1,2,3
n1413,sean,17,2,1,1,2
n1414,shark,17,2,1,1,2
n1415,disposition,1,6,2,3,5
n1416,malcolm,9,2,0,1,1
n1417,meerkat,9,2,1,1,2
n1418,bertie,18,2,0,1,1
n1419,bee,18,2,1,1,2
n1420,teamwork,13,2,0,1,1
n1421,strive,13,3,0,2,2
n1422,problem,16,28,4,4,8
n1423,computational,14,2,0,1,1
n1424,useful,10,2,0,1,1
n1425,pd,10,4,1,2,3
n1426,ngss,13,6,1,3,4
n1427,suggest,13,4,1,2,3
n1428,grade,12,6,0,3,3
n1429,carefully,18,4,0,2,2
n1430,capitalize,20,6,1,3,4
n1431,unable,1,2,0,1,1
n1432,onetoone,9,2,0,1,1
n1433,magnitude,9,2,1,1,2
n1434,vandewalle,13,2,0,1,1
n1435,karpbaywilliams2010,13,2,1,1,2
n1436,struggle,2,2,0,1,1
n1437,foundational,2,2,1,1,2
n1438,lack,13,2,0,1,1
n1439,alignment,13,4,1,2,3
n1440,techniques,2,2,0,1,1
n1441,baxteretal2014,13,2,0,1,1
n1442,recognise,6,2,0,1,1
n1443,criterion,15,4,1,1,2
n1444,vignette,5,3,1,1,2
n1445,armchair,6,2,0,1,1
n1446,critical,13,8,2,4,6
n1447,firsthand,12,4,0,2,2
n1448,excerpt,1,6,0,3,3
n1449,botany,10,7,2,2,4
n1450,midpoint,10,2,1,1,2
n1451,power,14,2,0,1,1
n1452,fundamental,5,2,0,1,1
n1453,assume,12,10,2,2,4
n1454,privileged,10,2,0,1,1
n1455,seem,5,6,1,3,4
n1456,middle,10,2,0,1,1
n1457,dyads,12,4,0,2,2
n1458,critique,20,2,0,1,1
n1459,component,20,2,1,1,2
n1461,puzzle,2,8,2,4,6
n1462,amazon,14,8,2,1,3
n1463,traversing,15,2,1,1,2
n1464,grandfather,7,6,1,3,4
n1465,consistent,15,6,1,3,4
n1466,path,3,2,0,1,1
n1467,anthill,3,4,1,2,3
n1468,clues,12,2,1,1,2
n1469,difficult,13,2,1,1,2
n1470,offer,8,6,0,3,3
n1471,cuts,9,2,0,1,1
n1472,accordance,17,6,1,1,2
n1473,mayrs,6,2,0,1,1
n1474,phenomenology,20,4,1,2,3
n1475,ii,16,2,0,1,1
n1476,smell,11,7,1,3,4
n1477,frame,13,10,3,1,4
n1478,come,1,9,0,4,4
n1479,scent,12,2,1,1,2
n1480,beyond,12,4,1,2,3
n1481,return,3,4,2,2,4
n1482,disperse,20,25,3,12,15
n1483,issue,20,8,4,4,8
n1484,either,14,6,1,3,4
n1486,synopsis,14,1,0,1,1
n1487,interplay,4,2,1,1,2
n1488,pursuing,15,2,0,1,1
n1489,maximal,12,4,0,2,2
n1490,illstructured,12,4,2,2,4
n1491,demand,1,4,1,2,3
n1492,enterprise,6,2,1,1,2
n1493,strong,5,6,1,3,4
n1494,metacognition,10,4,2,2,4
n1495,markedly,19,2,1,1,2
n1496,extent,13,2,0,1,1
n1497,gulf,13,2,1,1,2
n1498,costs,10,2,1,1,2
n1499,manipulation,3,4,0,2,2
n1500,expertise,13,2,0,1,1
n1501,decreasing,3,2,0,1,1
n1502,responsible,13,2,0,1,1
n1503,methodology,6,6,1,3,4
n1504,something,12,22,3,1,4
n1505,rats,18,6,2,3,5
n1506,guinea,18,2,1,1,2
n1507,pig,1,6,2,3,5
n1508,gradually,17,2,0,1,1
n1509,prototype,9,4,0,1,1
n1510,turn,20,6,2,3,5
n1511,biodiversity,20,2,0,1,1
n1512,collections,20,2,0,1,1
n1513,suited,11,4,1,2,3
n1514,acorn,20,4,0,2,2
n1515,milkweed,20,6,2,1,3
n1516,sunflower,20,2,1,1,2
n1517,wind,20,1,1,0,1
n1518,rat,16,6,1,3,4
n1519,conjunction,1,2,0,1,1
n1520,easelpad,9,2,0,1,1
n1521,list,6,2,0,1,1
n1522,appear,5,4,2,2,4
n1523,straight,5,2,1,1,2
n1524,instance,8,4,0,2,2
n1525,disagree,8,4,1,2,3
n1526,jumps,11,2,0,1,1
n1527,head,11,4,2,1,3
n1528,distinction,5,4,1,2,3
n1529,example_animal,16,4,1,2,3
n1530,stimulus,14,2,0,1,1
n1531,source,8,2,0,1,1
n1532,variability,8,2,1,1,2
n1533,avoid,17,2,0,1,1
n1534,snail,8,37,10,1,11
n1535,flexible,2,6,0,3,3
n1536,parallel,2,4,1,1,2
n1537,metz2011,2,4,1,2,3
n1538,reworded,9,2,0,1,1
n1539,fit,9,6,2,3,5
n1540,triggers,13,4,0,2,2
n1541,prolonged,16,2,0,1,1
n1542,immersion,16,2,1,1,2
n1543,months,20,2,0,1,1
n1544,study_month,20,2,1,1,2
n1545,rich,20,2,1,1,2
n1546,entwined,14,2,0,1,1
n1547,hermaphrodite,9,2,0,1,1
n1548,mouthparts,13,2,0,1,1
n1549,radula,13,2,1,1,2
n1550,shell,1,7,3,4,7
n1551,healed,1,1,1,0,1
n1552,reproduced,1,2,1,1,2
n1553,s1,10,2,0,1,1
n1554,european,8,4,0,2,2
n1555,helix,12,2,0,1,1
n1556,aspersa,12,2,1,1,2
n1557,reaching,12,2,1,1,2
n1558,length,12,4,1,2,3
n1559,2835mm,12,2,1,1,2
n1560,responses,9,2,1,1,2
n1561,city,14,6,3,3,6
n1562,countryside,4,2,1,1,2
n1563,houses,8,2,0,1,1
n1564,abundant,8,2,0,1,1
n1565,pest,8,2,1,1,2
n1566,greens,14,2,1,1,2
n1567,cabbage,14,2,1,1,2
n1568,collard,14,2,1,1,2
n1569,withdraw,14,2,1,1,2
n1570,routine,17,4,1,2,3
n1571,charge,8,2,0,1,1
n1572,terrarium,8,2,1,1,2
n1573,wetting,8,2,1,1,2
n1574,timeline,1,2,0,1,1
n1575,productions,19,4,1,2,3
n1576,attendance,19,2,1,1,2
n1577,25,3,2,1,1,2
n1578,accounting,3,2,1,1,2
n1579,hearing,10,2,0,1,1
n1580,stayed,15,4,1,2,3
n1581,silence,15,4,2,2,4
n1582,fewminute,15,2,1,1,2
n1583,noise,15,4,1,2,3
n1584,shouting,12,2,0,1,1
n1585,banging,15,2,0,1,1
n1586,tambourine,8,2,0,1,1
n1587,spontaneous,2,4,1,2,3
n1588,lettuce,14,2,0,1,1
n1589,pulling,14,2,1,1,2
n1590,potato,14,2,1,1,2
n1591,strainer,5,2,0,1,1
n1592,cart,5,2,1,1,2
n1593,attached,5,2,1,1,2
n1594,5week,2,3,0,2,2
n1595,cellophane,21,2,1,1,2
n1596,sheer,21,2,1,1,2
n1597,scarves,21,2,1,1,2
n1598,song,17,12,2,6,8
n1599,rollcall,17,2,1,1,2
n1600,storybook,3,2,0,1,1
n1601,leadteacher,17,2,1,1,2
n1602,taped,17,1,1,0,1
n1603,tell,6,22,2,3,5
n1604,depict,21,8,1,1,2
n1605,curi,21,14,3,1,4
n1606,character,21,2,1,1,2
n1607,narrative,21,4,1,2,3
n1608,pouring,21,2,0,1,1
n1609,blue,21,12,2,1,3
n1610,yellow,21,8,2,1,3
n1611,separate,15,4,0,2,2
n1612,jars,15,4,2,2,4
n1613,container,7,10,2,5,7
n1614,green,21,14,3,1,4
n1615,side,11,6,0,3,3
n1616,left,5,4,1,2,3
n1617,sentence,3,4,0,2,2
n1618,search,17,6,0,3,3
n1619,14,19,6,0,3,3
n1620,teacherresearchers,9,2,0,1,1
n1621,delivering,10,2,1,1,2
n1622,predetermined,10,6,2,3,5
n1623,adopt,5,4,1,2,3
n1624,amazement,8,2,1,1,2
n1625,stereotype,14,2,0,1,1
n1626,exactly,1,2,0,1,1
n1627,separately,2,2,0,1,1
n1628,erased,4,2,1,1,2
n1629,experiential,18,2,0,1,1
n1630,someone,6,2,0,1,1
n1631,mistakes,14,2,0,1,1
n1632,forget,2,2,1,1,2
n1634,household,17,2,0,1,1
n1635,turkeybaster,14,2,0,1,1
n1636,connectors,7,2,0,1,1
n1637,funnels,7,4,2,2,4
n1638,fishing,4,2,0,1,1
n1639,reservation,1,2,0,1,1
n1640,winter,13,2,0,1,1
n1641,excellent,1,2,0,1,1
n1642,butterfly,13,8,1,4,5
n1643,proximal,13,2,1,1,2
n1644,example_child,11,28,7,1,8
n1645,guitar,11,2,0,1,1
n1646,dancing,12,2,0,1,1
n1647,frog,3,10,2,1,3
n1648,fish,3,10,1,5,6
n1649,black,3,4,1,1,2
n1650,stripes,3,4,1,2,3
n1651,goldfish,19,2,1,1,2
n1652,swim,3,2,1,1,2
n1653,red,11,4,0,2,2
n1654,rest,10,4,0,2,2
n1655,bounce,11,2,0,1,1
n1656,dress,21,2,0,1,1
n1657,teeter,11,6,1,1,2
n1658,totter,11,6,1,1,2
n1659,standing,3,2,0,1,1
n1660,beside,3,2,1,1,2
n1661,duck,14,2,0,1,1
n1662,goose,14,2,0,1,1
n1663,remember,4,2,0,1,1
n1664,notebook,11,6,0,3,3
n1665,magnifying,7,2,0,1,1
n1666,stopwatch,3,2,0,1,1
n1667,microscope,11,2,1,1,2
n1668,gauge,11,6,1,1,2
n1669,scale,3,3,1,1,2
n1670,hot,12,6,0,3,3
n1671,thermometer,11,2,0,1,1
n1672,pan,3,2,0,1,1
n1673,academic,15,2,0,1,1
n1674,englishlanguage,13,2,0,1,1
n1675,nationalassociationeducationyoungchildren2003,12,2,0,1,1
n1676,monarch,13,6,0,3,3
n1677,slp,15,4,0,2,2
n1678,twice,15,2,0,1,1
n1679,samarapungavanetal2008,2,2,0,1,1
n1680,intervention,9,2,0,1,1
n1681,preinquiry,9,2,0,1,1
n1682,incorporated,3,2,0,1,1
n1683,larvae,13,4,1,2,3
n1684,insects,14,2,1,1,2
n1685,postinquiry,9,2,0,1,1
n1686,posters,4,4,2,2,4
n1687,systematize,9,2,0,1,1
n1688,trip,1,2,1,1,2
n1690,devices,17,2,0,1,1
n1691,inscriptional,17,4,1,1,2
n1692,revise,14,2,1,1,2
n1693,insitu,1,2,0,1,1
n1694,hardwired,13,2,0,1,1
n1695,predesigned,16,2,0,1,1
n1696,onset,13,2,0,1,1
n1697,discourse,13,10,2,5,7
n1698,hints,4,4,1,2,3
n1699,inq,15,1,0,1,1
n1700,reminders,4,2,1,1,2
n1701,board,4,4,1,2,3
n1702,preserve,11,2,1,1,2
n1703,main,13,6,1,1,2
n1704,derived,19,2,0,1,1
n1705,indicators,19,8,1,4,5
n1706,born,13,2,0,1,1
n1707,die,1,2,1,1,2
n1708,stem,6,2,0,1,1
n1709,root,6,2,1,1,2
n1710,leaf,6,2,1,1,2
n1711,physicsproperties,4,2,0,1,1
n1712,heat,11,2,0,1,1
n1713,linear,19,4,2,2,4
n1714,sizes,4,2,0,1,1
n1715,masses,4,2,1,1,2
n1716,magnets,12,2,0,1,1
n1717,people,3,4,0,2,2
n1718,ears,13,2,1,1,2
n1719,high,24,2,1,1,2
n1722,turkish,19,2,1,1,2
n1723,basis,14,4,1,2,3
n1724,suggestions,16,12,2,1,3
n1725,solution,16,12,2,1,3
n1726,suggestion,16,4,1,1,2
n1727,datapredict,6,4,1,1,2
n1728,nonstandard,15,4,0,1,1
n1729,3year,8,2,0,1,1
n1730,country,8,6,2,3,5
n1731,luxembourg,8,2,1,1,2
n1732,constructions,13,2,0,1,1
n1733,indoor,2,4,0,2,2
n1734,scenes,8,2,0,1,1
n1735,faucet,6,2,0,1,1
n1736,herein,10,2,0,1,1
n1737,sole,10,2,1,1,2
n1738,setup,7,2,1,1,2
n1739,quite,1,6,2,3,5
n1740,borrowing,7,2,0,1,1
n1741,doors,2,2,0,1,1
n1742,grouptogroup,9,2,0,1,1
n1743,non-english-sentence,6,2,0,1,1
n1744,selforganized,9,2,0,1,1
n1745,mutual,12,2,1,1,2
n1746,unfolding,12,2,0,1,1
n1747,dialogue,12,3,1,1,2
n1748,done,9,4,1,2,3
n1749,interactants,9,2,1,1,2
n1750,situate,12,2,1,1,2
n1751,ash2004,6,2,0,1,1
n1752,gallas1995,10,2,0,1,1
n1753,lemke1990,10,2,1,1,2
n1754,dialectical,10,2,1,1,2
n1755,traditional,19,2,1,1,2
n1756,static,19,2,1,1,2
n1757,systematic,12,2,1,1,2
n1758,engestrommiettinen1999p9,13,2,0,1,1
n1759,hook,4,4,1,2,3
n1760,lift,4,10,2,1,3
n1761,squeeze,4,12,3,1,4
n1762,stretch,4,15,3,1,4
n1763,twist,4,14,1,1,2
n1764,store,17,6,0,3,3
n1765,elastic,17,10,3,1,4
n1766,technical,17,2,0,1,1
n1767,kinetic,17,2,0,1,1
n1768,flashlight,4,4,2,2,4
n1769,gasoline,8,2,1,1,2
n1770,rubber,4,8,4,1,5
n1771,band,4,8,1,4,5
n1772,paperclip,17,8,2,1,3
n1773,springphysics,4,8,1,4,5
n1774,halfhourlong,5,2,1,1,2
n1775,kinesthetic,9,2,0,1,1
n1776,hoppers,17,4,1,2,3
n1777,bybee1997,12,2,0,1,1
n1778,windup,4,2,1,1,2
n1779,pullback,4,2,1,1,2
n1780,popup,4,6,3,1,4
n1781,running,14,2,1,1,2
n1782,person,14,2,1,1,2
n1783,car,20,6,1,3,4
n1784,television,3,4,2,2,4
n1785,airplane,4,2,1,1,2
n1786,rubberbanddriven,4,2,1,1,2
n1787,propeller,4,2,1,1,2
n1788,phrase,2,4,0,2,2
n1789,handmotions,9,2,1,1,2
n1790,disassembled,3,2,1,1,2
n1791,bulb,17,2,1,1,2
n1792,reinforce,10,2,0,1,1
n1793,slap,4,2,1,1,2
n1794,bracelets,4,2,1,1,2
n1795,clothespin,4,2,1,1,2
n1796,bent,17,2,1,1,2
n1797,decorate,2,2,1,1,2
n1798,van,4,2,0,1,1
n1799,huziakclark2007a,4,1,1,0,1
n1800,intent,1,1,0,1,1
n1801,internship,16,2,0,1,1
n1802,timeframe,16,2,1,1,2
n1803,mini,8,2,0,1,1
n1804,weather,6,4,0,1,1
n1805,journeyed,11,2,1,1,2
n1806,delving,7,2,0,1,1
n1807,route,7,4,1,2,3
n1808,regular,14,2,1,1,2
n1809,good,19,4,0,2,2
n1810,cup,10,10,3,5,8
n1811,unfortunately,11,2,0,1,1
n1812,nonetheless,1,2,0,1,1
n1813,ruler,4,2,0,1,1
n1814,inches,11,4,0,2,2
n1815,equaled,9,2,0,1,1
n1816,fall,11,4,1,2,3
n1817,shaving,10,8,2,1,3
n1818,cream,10,8,1,4,5
n1819,cloud,17,8,0,1,1
n1820,precipitation,16,2,1,1,2
n1821,attempt,6,2,0,1,1
n1822,save,10,2,0,1,1
n1823,revisited,17,2,0,1,1
n1824,disintegrate,10,1,1,0,1
n1825,graph,8,4,1,2,3
n1826,online,16,6,1,3,4
n1827,recordings,16,4,1,2,3
n1828,pride,8,2,0,1,1
n1829,official,14,2,0,1,1
n1830,posted,16,2,1,1,2
n1831,deduce,16,2,0,1,1
n1832,greatest,11,2,0,1,1
n1833,due,11,2,0,1,1
n1834,less,6,6,0,3,3
n1835,tampa,11,2,0,1,1
n1836,candice,11,2,1,1,2
n1837,evaporated,1,2,0,1,1
n1838,culminating,16,2,1,1,2
n1839,wrap,9,2,0,1,1
n1840,experiencing,4,4,1,2,3
n1841,visit,14,2,0,1,1
n1842,farm,24,2,1,1,2
n1843,stood,24,2,1,1,2
n1844,slat,24,2,1,1,2
n1845,fence,24,2,1,1,2
n1846,chin,24,2,1,1,2
n1847,resting,24,2,1,1,2
n1848,upper,24,2,1,1,2
n1849,bar,24,2,1,1,2
n1850,staring,24,2,1,1,2
n1851,intently,24,2,1,1,2
n1852,enclosure,1,2,1,1,2
n1853,uninterrupted,16,2,0,1,1
n1854,20minute,16,2,1,1,2
n1855,spent,17,2,0,1,1
n1856,reconcile,22,2,1,1,2
n1857,brown,12,2,1,1,2
n1858,longbodied,12,2,1,1,2
n1859,muddy,12,2,1,1,2
n1860,snorting,11,2,1,1,2
n1861,round,3,2,0,1,1
n1862,cuddly,3,2,1,1,2
n1863,entity,3,4,1,2,3
n1864,bedroom,3,2,1,1,2
n1865,bedtime,3,2,1,1,2
n1866,study_scienctist,1,6,0,3,3
n1867,sciencelike,6,6,0,3,3
n1868,resonated,7,2,1,1,2
n1869,youthful,2,2,0,1,1
n1870,dispositions,2,2,1,1,2
n1871,nothing,14,4,0,2,2
n1872,deter,14,2,1,1,2
n1873,considerable,12,4,1,2,3
n1874,professional,16,2,0,1,1
n1875,incidents,17,2,1,1,2
n1876,retained,9,2,0,1,1
n1877,inclinations,2,2,1,1,2
n1878,distilled,10,2,1,1,2
n1879,reworking,13,2,0,1,1
n1880,article,13,2,0,1,1
n1881,policies,10,2,0,1,1
n1882,gilbertzylberstajn1985,1,2,0,1,1
n1883,tone,7,2,0,1,1
n1884,transgressive,1,2,0,1,1
n1885,processing,2,2,0,1,1
n1886,positive,1,2,0,1,1
n1887,neither,9,2,1,1,2
n1888,irrespective,1,2,0,1,1
n1889,tifinatalelombardi2006,8,2,1,1,2
n1890,crucial,8,2,1,1,2
n1891,paid,2,2,1,1,2
n1892,certainly,13,2,0,1,1
n1893,thorntonbruton2015,11,2,0,1,1
n1894,reggio,10,4,1,2,3
n1895,shortterm,8,2,0,1,1
n1896,p17,15,2,0,1,1
n1897,provoke,17,2,1,1,2
n1898,inspire,9,2,0,1,1
n1899,capricious,3,2,1,1,2
n1900,fuel,13,2,0,1,1
n1901,inventive,13,2,1,1,2
n1902,cook,2,2,1,1,2
n1903,prisoners,8,2,0,1,1
n1904,conventional,8,4,2,1,3
n1905,wisdom,8,4,1,2,3
n1906,probing,15,2,0,1,1
n1907,possibilities,14,2,1,1,2
n1908,louis2008,10,2,0,1,1
n1909,p23,10,2,1,1,2
n1910,serious,1,2,0,1,1
n1911,tasting,11,2,1,1,2
n1912,nectar,22,2,0,1,1
n1913,texture,22,2,1,1,2
n1914,rolling,4,2,0,1,1
n1915,tower,14,2,0,1,1
n1916,cicada,1,2,0,1,1
n1917,negotiation,9,2,0,1,1
n1918,robson2012,11,2,0,1,1
n1919,needless,11,2,1,1,2
n1920,schulz2012,11,2,0,1,1
n1921,trade,13,2,0,1,1
n1922,true,18,2,1,1,2
n1923,p385,6,1,1,0,1
n1924,x,13,2,0,1,1
n1925,super,11,2,0,1,1
n1926,shooter,11,2,1,1,2
n1927,subtraction,3,2,0,1,1
n1928,cardinal,3,2,1,1,2
n1929,ordinal,3,2,1,1,2
n1930,110,8,2,0,1,1
n1931,quantity,8,4,1,2,3
n1932,insert,10,2,0,1,1
n1933,hercules,10,2,1,1,2
n1934,joint,10,2,1,1,2
n1935,heavier,10,2,1,1,2
n1936,3d,10,2,1,1,2
n1937,junior,21,2,1,1,2
n1938,twins,4,2,0,1,1
n1939,visual,1,4,1,1,2
n1940,logistic,4,2,1,1,2
n1941,supermarket,4,2,1,1,2
n1942,string,4,2,1,1,2
n1943,necklaces,4,2,1,1,2
n1944,sudoku,19,2,0,1,1
n1945,induction,19,2,0,1,1
n1946,initiate,13,1,0,1,1
n1947,partner,1,2,0,1,1
n1948,pretty,1,2,1,1,2
n1949,45,10,2,0,1,1
n1950,odd,10,2,1,1,2
n1951,chopsticks,1,2,1,1,2
n1952,socks,1,2,1,1,2
